mass,O3,N2,sSFR
8.23,0.72,-1.7,0.7828376704054794
9.11,0.81,-1.68,1.2674887336452256
8.98,0.83,-1.7,0.8730899945862323
9.02,0.67,-1.67,-0.2565724766974089
9.2,0.69,-1.68,-0.46760603218485564
8.35,0.75,-1.66,0.9638668268360622
9.18,0.63,-1.64,0.013124277248852678
9.43,0.7,-1.65,-0.11402997372479895
9.24,0.86,-1.64,0.7223695681651652
8.73,0.73,-1.63,0.7669301203462187
9.4,0.83,-1.63,0.29983812717771485
8.97,0.69,-1.61,0.5310590056413211
8.36,0.75,-1.6,0.8102620643146778
9.22,0.8,-1.61,0.08962989227600104
9.09,0.81,-1.62,1.0460859544845222
9.14,0.84,-1.61,1.0619427221601798
9.38,0.66,-1.59,-0.23698531865634287
8.79,0.71,-1.59,0.8280481448391974
9.3,0.72,-1.58,-0.9382723468389322
9.1,0.75,-1.59,0.9090253622398095
9.12,0.77,-1.58,0.8645274106168142
8.46,0.83,-1.58,1.0877746637209444
9.28,0.86,-1.58,0.7336799514773507
9.23,0.66,-1.56,-0.6389349511396567
9.26,0.73,-1.58,-0.24716301624002845
9.23,0.84,-1.57,0.9469594306347364
8.43,0.46,-1.55,-0.2539090288627879
8.55,0.55,-1.54,0.6701078885725753
9.47,0.67,-1.55,0.036504770537128195
8.67,0.69,-1.56,0.7244516078723962
9.36,0.78,-1.54,0.009216184803069183
9.13,0.82,-1.56,0.7409886892857962
9.84,0.56,-1.53,-0.23361879157803322
9.25,0.58,-1.54,-0.7059319630457157
9.15,0.68,-1.54,-0.27493835513857334
9.12,0.71,-1.53,0.05318638563289291
9.82,0.73,-1.53,-0.21147366736784434
8.64,0.75,-1.53,0.8056038540128441
9.11,0.83,-1.54,0.701575350471666
9.15,0.55,-1.52,-0.6586379213558757
9.98,0.66,-1.51,-0.44852061301244106
9.25,0.69,-1.51,0.5894780377840281
8.84,0.71,-1.51,0.8947996632713817
8.44,0.73,-1.52,0.9063533996643045
8.61,0.75,-1.52,0.533015139107329
8.79,0.8,-1.51,0.6971384041804178
8.74,0.63,-1.49,0.2467719759576319
9.32,0.7,-1.5,0.32147442702715523
9.15,0.71,-1.49,0.1680637005026604
8.22,0.73,-1.49,0.683089726434627
9.69,0.75,-1.49,-0.20569974782627654
9.37,0.78,-1.48,0.41390368826397506
8.42,0.55,-1.46,0.5531277762042226
8.66,0.6,-1.47,0.25907823623134796
9.49,0.65,-1.47,0.24399952153351379
9.13,0.78,-1.46,1.1310247141018017
9.41,0.81,-1.48,-0.28614819243156653
8.46,0.83,-1.47,0.7131862330450023
8.49,0.56,-1.45,0.25036292778915836
8.94,0.6,-1.46,0.13554740189202796
9.41,0.64,-1.45,-0.3530950015253147
8.64,0.65,-1.46,0.36859982031807625
9.02,0.7,-1.45,0.48105881490645785
8.78,0.71,-1.45,0.8939422463581064
9.04,0.73,-1.45,1.4394313731474915
9.29,0.76,-1.44,0.3142260891708677
9.26,0.78,-1.45,0.6829993871528739
8.57,0.53,-1.43,0.1289703095118
9.1,0.54,-1.43,-1.1969104041850205
8.78,0.57,-1.43,0.04607508054765219
8.72,0.63,-1.43,0.5722558127802291
9.38,0.65,-1.43,-0.393228367365122
8.78,0.66,-1.42,0.6481350718756147
9.36,0.69,-1.43,-0.14781205354376503
9.34,0.7,-1.43,-0.028246301633977566
9.61,0.72,-1.43,0.04705619253073401
9.17,0.75,-1.43,0.5904224243865777
9.23,0.77,-1.42,0.9569567964606218
9.4,0.79,-1.44,0.6996810199451104
9.27,0.81,-1.42,0.8832044283498295
9.09,0.44,-1.41,-0.6276021671856089
9.33,0.47,-1.41,-0.6310299193700359
8.65,0.52,-1.42,-0.3075769400613364
8.81,0.56,-1.4,-0.20794042181724492
10.29,0.57,-1.41,-0.8973030035628895
8.45,0.62,-1.41,0.41923191606280596
8.84,0.65,-1.41,0.12848279930616968
9.83,0.69,-1.42,0.19160280178004818
8.96,0.71,-1.41,0.568916676835137
9.3,0.73,-1.41,0.4363962963426786
9.08,0.75,-1.41,0.32140061378838247
8.93,0.77,-1.42,0.8111513117163156
9.22,0.79,-1.42,1.0417382912051867
9.42,0.5,-1.39,-0.5811509870573257
9.54,0.53,-1.39,-0.7841251116302139
8.73,0.56,-1.39,0.09607527128251547
9.44,0.59,-1.39,0.14883215802045768
8.79,0.61,-1.39,0.11848505830394274
8.96,0.63,-1.4,0.6653123912226135
8.75,0.65,-1.39,0.6409351138379407
9.45,0.66,-1.4,0.20609841286217723
8.64,0.69,-1.38,0.15934020284372075
9.03,0.71,-1.39,0.723583331765461
8.74,0.73,-1.39,1.4633051522820057
9.05,0.74,-1.38,0.9451961159384705
8.34,0.35,-1.36,-0.4949021107246363
9.3,0.45,-1.36,-1.2208189543944759
9.26,0.53,-1.36,-0.8286364474655361
9.25,0.55,-1.36,-0.7059319630457157
9.84,0.56,-1.36,-0.4561847729157087
9.26,0.6,-1.38,-0.9377809477072336
9.36,0.61,-1.37,-0.2596291148467902
9.13,0.63,-1.37,0.5393167732202766
9.05,0.65,-1.37,0.445544162690517
9.27,0.66,-1.37,-0.09681418657169694
9.09,0.68,-1.37,0.2660257009561082
9.24,0.71,-1.37,0.8203202489189358
9.14,0.72,-1.36,0.8651801642698551
9.23,0.75,-1.37,1.0903544874121387
9.4,0.78,-1.38,1.0060293147252004
9.06,0.78,-1.36,0.7407166704618238
9.22,0.41,-1.34,-1.2200002605573168
9.06,0.46,-1.35,-1.214902377753445
8.88,0.55,-1.34,0.1493836845336851
8.8,0.58,-1.34,-0.04412534051204986
9.16,0.63,-1.35,-0.15567847773021448
9.21,0.65,-1.36,0.15735586865842777
9.79,0.67,-1.35,0.09761732667977974
9.08,0.69,-1.35,0.6923217886138318
9.12,0.71,-1.35,0.31775067877289587
9.67,0.75,-1.35,0.30266553185109757
9.44,0.82,-1.35,0.16852644707307363
9.28,0.82,-1.34,1.0610389047499318
9.73,0.41,-1.33,-1.0865468681034098
9.02,0.43,-1.32,-0.6582726138677408
8.84,0.44,-1.33,-0.26021656142075855
9.35,0.47,-1.32,-0.8728791094927519
9.66,0.5,-1.32,-0.5772144634039069
8.92,0.52,-1.34,-0.12065953012747066
9.48,0.53,-1.34,-0.9614855851011281
9.15,0.55,-1.33,-0.7697883865259048
8.24,0.57,-1.33,0.7237880641057295
9.31,0.59,-1.33,-0.42350970520202225
9.63,0.6,-1.33,-0.36518228355304316
9.07,0.63,-1.33,0.09731764837651902
9.03,0.66,-1.33,0.47920279192446635
9.18,0.67,-1.33,0.4295941223667814
8.81,0.7,-1.32,0.5610674250305472
9.02,0.71,-1.33,1.0101943384110958
9.02,0.73,-1.32,0.6174892870179818
8.58,0.74,-1.34,0.8778819557104942
9.22,0.43,-1.31,-1.106056930651798
8.93,0.49,-1.31,-0.39852138356541467
9.31,0.53,-1.31,-0.9675777411477622
9.98,0.54,-1.31,-0.6577802672250517
9.78,0.57,-1.31,-0.7081177449698561
8.8,0.59,-1.31,0.16848276115919703
8.85,0.61,-1.31,0.5813633903591775
9.12,0.63,-1.31,0.13527260803934915
9.16,0.65,-1.31,0.06788687190601905
9.18,0.67,-1.31,0.096461495710356
9.38,0.7,-1.31,0.9498044247785753
9.51,0.7,-1.31,-0.1616953621190973
9.24,0.75,-1.31,0.007973490563692565
8.02,0.43,-1.28,-0.1169104804789658
9.11,0.46,-1.29,-1.33184841600084
8.53,0.49,-1.29,-0.14978850096682272
9.12,0.51,-1.28,-1.0060565491820714
8.62,0.53,-1.29,0.14342809550718094
9.45,0.55,-1.29,-0.24587982013771992
9.08,0.57,-1.29,0.2544538447021871
9.34,0.59,-1.28,0.05093496125005004
8.75,0.61,-1.29,0.318185845816334
9.49,0.63,-1.29,-0.277812167984683
9.64,0.65,-1.29,0.14031698392827785
9.2,0.68,-1.3,0.2742164575908195
9.59,0.7,-1.29,-0.6657208800853258
10.23,0.71,-1.28,0.1751760052851239
9.55,0.73,-1.29,0.9728351467845595
9.27,0.76,-1.29,0.5103168694873599
9.3,0.82,-1.29,1.0443920904466362
9.45,0.36,-1.26,-1.3360564728881261
9.3,0.43,-1.28,-0.7685212691244967
9.2,0.47,-1.27,0.02271665072202822
8.39,0.5,-1.28,0.30019574515832126
9.55,0.51,-1.26,-0.5587741065898069
9.29,0.53,-1.27,-0.08317408196239917
9.34,0.54,-1.27,-0.426186303992365
9.24,0.57,-1.27,-0.017283311130999124
9.0,0.59,-1.27,0.17026172099192394
8.98,0.6,-1.27,-0.16045558943714688
9.43,0.63,-1.27,0.1428712981321194
9.26,0.65,-1.27,0.02330099011447473
9.42,0.67,-1.27,0.6529846655331362
8.92,0.7,-1.27,0.6980480303982795
9.78,0.71,-1.27,0.3750324946604344
9.43,0.73,-1.28,-0.2178127020423002
9.6,0.79,-1.28,0.4326183686231886
9.29,0.45,-1.24,-0.7986382646786296
9.11,0.49,-1.25,-0.6628416234860293
8.66,0.51,-1.25,0.09587500281070405
9.22,0.53,-1.26,-0.22877418288375218
9.08,0.55,-1.25,-0.015541946975810461
9.12,0.57,-1.25,-0.13772866222675262
9.21,0.59,-1.25,-0.05771170688919547
9.06,0.61,-1.25,0.4650443750566975
9.09,0.64,-1.25,0.5120598387400719
9.15,0.65,-1.25,0.6588862526883172
9.25,0.66,-1.25,0.3146660732804385
9.23,0.7,-1.25,0.8176646464272324
9.05,0.77,-1.26,0.9018228353257296
9.27,0.28,-1.23,-1.1560571213866613
9.21,0.31,-1.23,-1.2557575114503354
8.44,0.33,-1.22,-0.5369096030985947
9.6,0.36,-1.23,-1.486057045092716
9.31,0.38,-1.23,-1.1058804466680119
9.45,0.42,-1.22,-1.2739085329521433
9.08,0.43,-1.24,-1.1769099464213486
9.11,0.45,-1.23,-1.1557571299806089
9.41,0.47,-1.23,-0.7287586197437612
9.41,0.5,-1.24,-0.841798117748148
9.44,0.51,-1.23,-0.10154307347948333
8.88,0.53,-1.23,-0.2079022576067313
9.15,0.55,-1.23,-0.17687176603210553
9.01,0.57,-1.23,0.11710458030098891
8.97,0.59,-1.23,0.2730377816574858
9.17,0.61,-1.23,0.37406796805633036
9.3,0.63,-1.23,0.6063348736803036
9.44,0.65,-1.24,-0.4313994167424706
9.38,0.68,-1.23,0.2683598779253842
9.23,0.69,-1.23,0.41933532019039177
9.39,0.71,-1.24,1.0134633527881185
9.15,0.74,-1.22,1.3156805828624485
9.1,0.77,-1.24,0.9496052326031261
9.33,0.33,-1.21,-1.216056587329044
9.03,0.38,-1.2,-1.5528784879587665
8.76,0.41,-1.2,-0.8569102515971299
9.01,0.43,-1.21,-0.5048502602691674
9.26,0.45,-1.21,-0.5610302245458172
9.35,0.47,-1.21,-1.0712467859665757
9.21,0.49,-1.21,-0.7476020527446909
9.59,0.51,-1.21,-1.084850183975222
9.51,0.53,-1.21,-0.5755017704142773
9.22,0.55,-1.21,-0.17860757245750492
9.35,0.57,-1.21,-0.003647401422121277
9.38,0.59,-1.21,0.06560408289468
8.94,0.61,-1.21,0.15342210811905943
9.14,0.62,-1.21,-0.3918123144675558
9.29,0.65,-1.21,0.8613698907327567
9.16,0.67,-1.2,0.9792493617437401
9.61,0.69,-1.21,-0.2940293252262638
9.24,0.71,-1.22,0.26785610443644536
8.89,0.19,-1.2,-0.8486076605177981
9.58,0.24,-1.19,-1.538607240901099
9.49,0.36,-1.19,-1.2595508451717787
8.8,0.38,-1.2,-0.5212465952317125
9.3,0.41,-1.19,-1.1860568543578527
9.97,0.43,-1.19,-1.1374913497544608
9.53,0.45,-1.19,-0.9985208113608248
8.99,0.47,-1.19,-0.07618592252263845
9.24,0.49,-1.19,-0.12941007366156576
8.98,0.51,-1.19,-0.07151452207935804
9.05,0.53,-1.19,-0.07687233823669537
9.1,0.55,-1.19,-0.122276781630557
9.24,0.57,-1.19,0.274547979008938
9.48,0.59,-1.19,0.07022880498530881
9.15,0.61,-1.19,0.6662416941080895
9.09,0.64,-1.19,0.5301359103316798
9.36,0.64,-1.18,1.0962145009986184
9.35,0.67,-1.19,0.7864030533525597
9.18,0.71,-1.19,1.0617951451074052
9.66,0.24,-1.17,-1.7057573207154721
9.4,0.35,-1.17,-0.9228783465532988
9.58,0.37,-1.17,-1.3758799507573674
8.79,0.41,-1.16,-0.5347274394924089
9.38,0.43,-1.17,-0.9176021290386362
9.17,0.45,-1.17,-0.7076020908916636
9.31,0.47,-1.17,-0.9675777411477622
9.22,0.49,-1.17,-0.4418489993878527
9.39,0.51,-1.17,-0.17515649906324704
9.01,0.53,-1.17,-0.1291866420507226
9.49,0.55,-1.17,-0.37272849443226974
9.4,0.57,-1.17,0.17749217801984507
9.18,0.59,-1.17,0.2624794608982306
9.27,0.61,-1.17,0.07635252228393341
9.6,0.62,-1.17,0.2469549565114928
9.37,0.65,-1.17,0.45736937393542654
8.78,0.67,-1.17,0.676366284228024
9.21,0.76,-1.16,0.8372748143788922
8.65,0.18,-1.16,-1.1728783735178485
9.61,0.2,-1.16,-1.5686069738722903
9.14,0.26,-1.15,-0.6348503747100853
9.27,0.29,-1.15,-1.1238724202364363
9.49,0.32,-1.14,-1.2347272487575456
9.13,0.34,-1.15,-1.1757575877442807
9.56,0.35,-1.15,-1.1286366382003994
9.33,0.37,-1.15,-0.8528786517290801
9.55,0.39,-1.16,-1.4038721532076277
9.32,0.41,-1.15,-0.8148497262115502
9.21,0.44,-1.15,-0.5765315753433953
9.38,0.45,-1.15,-0.9028788424639433
9.21,0.47,-1.15,-0.2655173683500731
9.34,0.49,-1.15,-0.6772423130279783
9.34,0.51,-1.15,0.061400384906546535
9.15,0.53,-1.15,-0.039409921073675136
9.2,0.55,-1.15,0.20824014633947385
9.2,0.57,-1.15,-0.47572396310824416
9.05,0.59,-1.15,0.23780155200491393
9.19,0.61,-1.15,0.3298284058847045
9.07,0.63,-1.15,0.016360146035172107
9.01,0.65,-1.16,0.9476070435656734
9.39,0.66,-1.16,-0.6341254930999405
9.33,0.7,-1.16,1.0006167404931912
8.9,0.21,-1.12,-1.2979396369095486
9.75,0.29,-1.14,-1.0096373010926776
9.77,0.31,-1.13,-1.4477811765890696
9.2,0.33,-1.13,-1.2969098319804306
10.11,0.35,-1.13,-1.4765311938736687
9.09,0.37,-1.13,-0.5714861954526906
9.37,0.39,-1.13,-0.3968720330609141
9.18,0.41,-1.13,-1.0338722676485457
9.56,0.43,-1.13,-0.6849391562249991
9.08,0.45,-1.13,-0.28065937753958003
9.36,0.47,-1.13,-0.5965716756109831
9.13,0.49,-1.13,-0.18551744464401843
9.22,0.51,-1.13,-0.42065972086233394
9.38,0.53,-1.13,-0.01827228742713949
9.4,0.55,-1.13,0.20852640892610097
9.51,0.57,-1.13,0.020199482760569154
9.3,0.59,-1.13,-0.05945094007194385
9.36,0.61,-1.13,0.03269730161289175
10.02,0.62,-1.14,-1.015679088081777
9.44,0.65,-1.13,0.991364183775687
9.19,0.67,-1.13,0.2283016919665748
9.27,0.71,-1.13,0.5719843349077216
9.3,0.26,-1.11,-1.6979402091141385
9.4,0.27,-1.11,-1.4969096412455674
9.46,0.32,-1.11,-1.2558800651982853
10.01,0.33,-1.11,-1.1839254153629923
8.85,0.35,-1.11,-0.45206037279768907
9.04,0.38,-1.1,-0.8938719243257918
9.15,0.39,-1.11,-0.9195506925838881
9.47,0.41,-1.11,-1.0386364856125088
9.22,0.43,-1.11,-0.71485029841614
9.18,0.45,-1.11,-0.4898042166947061
9.24,0.47,-1.11,-0.1869213294673795
9.27,0.49,-1.11,-0.3779058710030192
9.45,0.51,-1.11,-0.5749385458734366
9.26,0.53,-1.11,-0.14941053142523764
9.14,0.55,-1.11,0.10303770536354051
9.52,0.57,-1.11,0.40531163767113654
9.39,0.59,-1.12,0.17110105284259447
9.64,0.61,-1.11,0.379946349432414
9.24,0.63,-1.11,0.9020766863717711
9.7,0.65,-1.11,0.4209030096035171
9.35,0.71,-1.11,0.7277307995678672
9.36,0.22,-1.09,-1.58184841600084
8.8,0.22,-1.09,-1.3228789457224384
9.42,0.24,-1.09,-1.215880103345258
8.81,0.27,-1.08,-0.9069104423319931
9.1,0.29,-1.09,-1.4979403998490017
9.49,0.3,-1.09,-1.0428417379269472
9.67,0.33,-1.09,-1.125932039339661
9.44,0.35,-1.09,-1.1177802992086985
9.45,0.37,-1.09,-0.7779019524309501
9.29,0.39,-1.09,-1.08587998890434
9.39,0.41,-1.09,-1.2438723057955183
9.49,0.43,-1.09,-0.7046699259227545
9.32,0.45,-1.09,-0.3905807569282942
9.37,0.47,-1.09,-0.324676901175458
9.38,0.49,-1.09,-0.522667600752337
9.34,0.51,-1.09,0.08651112118643667
9.23,0.53,-1.09,-0.14721415822812567
9.37,0.55,-1.09,0.0661627645159264
9.1,0.57,-1.09,0.08752032860893166
9.71,0.59,-1.09,-0.08468760877738646
9.2,0.61,-1.09,0.9616676100231931
9.07,0.62,-1.09,0.5063416531843572
9.48,0.64,-1.08,0.5676646464272324
9.18,0.7,-1.08,0.7539928663700213
9.44,0.71,-1.09,0.8357723390966498
9.13,0.2,-1.06,-1.5279401328201931
9.37,0.23,-1.08,-1.4157573588624448
9.93,0.25,-1.07,-1.1741254549529678
9.25,0.28,-1.08,-1.6479400183792752
9.8,0.29,-1.07,-1.3850268586938714
9.57,0.33,-1.07,-1.3939084185112254
9.31,0.35,-1.07,-0.7417986899527378
9.3,0.37,-1.07,-0.8228789187578887
9.27,0.39,-1.07,-0.6679404599642176
9.47,0.41,-1.07,-0.7624300990519597
9.31,0.43,-1.07,-0.5465724385504362
9.45,0.45,-1.07,-0.4246939674442629
9.03,0.47,-1.07,0.03069809837860582
9.36,0.49,-1.07,-0.330615857702643
9.52,0.51,-1.07,-0.3381568752685773
9.33,0.53,-1.07,0.21406812064422098
9.5,0.55,-1.07,-0.18613279169421126
9.37,0.57,-1.07,0.041619807561497524
9.45,0.59,-1.07,0.4067290845740086
9.54,0.61,-1.07,-0.18589152453826152
9.48,0.63,-1.07,0.5940851342199771
9.25,0.65,-1.07,0.31229287580374887
9.52,0.67,-1.07,0.64524387175884
10.28,0.7,-1.07,-0.9811466544802006
9.28,0.72,-1.08,1.3305539820935977
8.98,0.18,-1.05,-0.8039082659233348
9.04,0.18,-1.05,-1.1369099845683213
9.36,0.22,-1.06,-1.58184841600084
9.29,0.24,-1.05,-1.3869099845683213
9.35,0.25,-1.05,-1.651030370662216
9.15,0.27,-1.06,-1.3049015766670191
9.7,0.31,-1.05,-1.1202162180980046
9.35,0.33,-1.05,-0.9520603727976891
9.32,0.35,-1.05,-0.8148497262115502
9.2,0.37,-1.05,-0.7686360278488369
9.37,0.39,-1.05,-0.6887586578907339
9.31,0.41,-1.05,-0.6379025627825126
9.56,0.43,-1.05,-0.6057579216822493
9.46,0.45,-1.05,-0.403095192260178
9.36,0.47,-1.05,-0.22327908800924945
9.3,0.49,-1.05,-0.1507810883604357
9.47,0.51,-1.05,-0.17774418721977092
9.19,0.53,-1.05,0.08646222050283647
9.48,0.55,-1.05,0.29378690692845666
9.31,0.57,-1.05,0.16421584723925697
9.37,0.59,-1.05,0.505640064681053
9.48,0.61,-1.05,0.7252048465003735
9.89,0.63,-1.05,0.08358927306219854
9.6,0.64,-1.05,0.34890139627249717
9.46,0.68,-1.06,0.7767890612623205
9.42,0.73,-1.05,0.8965992162097436
9.19,0.13,-1.03,0.06767898075630896
9.83,0.2,-1.03,-1.298521002095688
9.7,0.21,-1.02,-1.0665313464615593
9.38,0.23,-1.04,-1.4257575877442807
9.22,0.25,-1.04,-1.2200002605573168
9.32,0.27,-1.02,-1.4749016529609644
9.38,0.29,-1.03,-1.1012465189377671
9.45,0.31,-1.03,-1.1947272869045182
9.25,0.33,-1.03,-0.9277807188253977
9.53,0.35,-1.03,-0.9736972149465917
9.54,0.37,-1.03,-0.7618486942120715
9.34,0.39,-1.03,-0.6324299846110417
9.25,0.41,-1.03,-0.392667486311419
9.39,0.43,-1.03,-0.5770870026097246
9.33,0.45,-1.03,-0.1481563412109601
9.38,0.47,-1.03,-0.33078208992173863
9.42,0.49,-1.03,-0.2158800871665285
9.56,0.51,-1.03,-0.372479709538041
9.52,0.53,-1.03,-0.020313363349130142
10.18,0.55,-1.02,-0.4836439347761736
9.32,0.57,-1.03,0.2190764087567132
9.45,0.58,-1.03,0.2108656615042257
9.49,0.61,-1.03,0.8344884747462089
9.2,0.63,-1.04,0.7344986612424069
9.06,0.64,-1.03,1.007442434506955
9.57,0.66,-1.03,0.9284487115044016
9.28,0.09,-1.01,-1.6779397513504666
9.18,0.17,-1.0,-1.4810302943682707
9.35,0.19,-1.01,-1.7479403998490017
9.65,0.21,-1.0,-1.3075769400613364
9.44,0.23,-1.01,-1.5369096030985947
9.26,0.25,-1.01,-1.1138721913546004
9.44,0.27,-1.01,-1.2639083040703074
9.48,0.29,-1.01,-1.137576863767391
9.17,0.31,-1.01,-1.0560567399169347
9.67,0.33,-1.01,-1.078935485197274
9.46,0.35,-1.01,-1.0128420049557558
9.2,0.37,-1.01,-0.9447272869045182
9.28,0.39,-1.01,-0.4166768615034613
9.24,0.41,-1.01,-0.5157239249612715
9.28,0.43,-1.01,-0.3715147128142213
9.43,0.45,-1.01,-0.4522767053366117
9.3,0.47,-1.01,-0.3222765908956937
9.34,0.49,-1.01,-0.21289534340506577
9.46,0.51,-1.01,0.14422601287692238
9.52,0.53,-1.01,0.29358054607366313
9.4,0.55,-1.01,0.14900363881556444
9.38,0.57,-1.01,0.4074603681853368
9.45,0.6,-1.01,0.17940981317141258
9.26,0.63,-1.02,-0.1808189655768988
9.72,0.65,-1.01,0.5170405301094849
9.63,0.67,-1.01,0.6293548146906733
9.45,0.1,-0.99,-1.847939827644412
9.09,0.14,-0.98,-1.4879401709671658
9.29,0.19,-0.99,-1.444901919989773
9.28,0.21,-0.99,-1.2799997264996996
9.23,0.23,-0.99,-1.1508183058959407
9.46,0.25,-0.98,-1.1812464426438218
9.29,0.27,-0.99,-1.1438719243257918
9.28,0.29,-0.99,-0.8997885009668227
9.35,0.31,-0.99,-1.0489703793342535
9.5,0.33,-0.99,-0.9436974819754003
9.42,0.35,-0.99,-0.757242236734033
9.44,0.37,-0.99,-0.7965469062503825
9.27,0.39,-0.99,-0.5296377588563494
9.48,0.41,-0.99,-0.49322779516053217
9.35,0.43,-0.99,-0.43618653287420095
9.34,0.45,-0.99,-0.10955121902798481
9.39,0.47,-0.99,-0.13714732159817977
9.19,0.49,-0.99,-0.011022635833015215
9.38,0.51,-0.99,0.17870844236267303
9.49,0.53,-0.99,0.25818824849204525
9.44,0.55,-0.99,0.7156400661114315
9.65,0.57,-0.99,0.2103383880407197
9.47,0.59,-0.99,0.4700178898809231
9.32,0.62,-0.99,1.0158592180246266
9.42,0.65,-0.99,0.7025434552711971
9.71,0.04,-0.97,-1.596056701769962
9.37,0.13,-0.96,-1.7679399039383572
9.49,0.17,-0.97,-1.3760564347411535
9.53,0.19,-0.97,-1.7518484922947852
9.33,0.2,-0.97,-1.0512463282029039
9.39,0.23,-0.97,-1.3108191069823665
9.31,0.25,-0.97,-1.1339091433037058
9.28,0.27,-0.97,-1.2386070501662356
9.53,0.29,-0.97,-1.1682718890752604
9.26,0.31,-0.97,-0.8620602202097984
9.29,0.33,-0.97,-0.8276019764507456
9.51,0.35,-0.97,-0.5462123936579424
9.39,0.37,-0.97,-0.597608650484375
9.48,0.39,-0.97,-0.5162117070124346
9.46,0.41,-0.97,-0.43881075879967746
9.54,0.43,-0.97,-0.4946769774694033
9.29,0.45,-0.97,-0.09966827704323578
9.47,0.47,-0.97,-1.7824403072275175E-4
9.47,0.49,-0.97,-0.05502693498781852
9.46,0.51,-0.97,0.21486110434210914
9.69,0.53,-0.97,0.21091348943565258
9.76,0.55,-0.97,0.3427763886167625
9.65,0.57,-0.97,0.39336266698724387
10.37,0.59,-0.97,-0.08942151692759026
9.63,0.6,-0.97,0.4466403403389094
9.27,0.63,-0.97,1.055925504265403
9.35,0.08,-0.94,-1.4469104041850205
9.71,0.1,-0.95,-1.3120600294749352
9.79,0.11,-0.95,-1.613908685540034
9.6,0.14,-0.95,-1.7549023396064722
9.21,0.15,-0.95,-1.4318487974705665
9.6,0.17,-0.95,-1.4239091051567332
9.48,0.19,-0.95,-1.0820595335642906
9.45,0.21,-0.95,-1.3708185729247493
9.25,0.23,-0.95,-0.9712464044968492
9.39,0.25,-0.95,-1.2760570069457433
9.4,0.27,-0.95,-1.0777803373556711
9.37,0.29,-0.95,-1.0912462900559312
9.4,0.31,-0.95,-0.9376016331279917
9.35,0.33,-0.95,-0.7065477073368083
9.32,0.35,-0.95,-0.6865312320206414
9.35,0.37,-0.95,-0.6872425419098143
9.37,0.39,-0.95,-0.49493862216738194
9.36,0.41,-0.95,-0.1270035365967761
9.29,0.43,-0.95,-0.26469412003215353
9.35,0.45,-0.95,-0.28554240473948234
9.43,0.47,-0.95,-0.12037014587097161
9.49,0.49,-0.95,-0.035154925642126855
9.4,0.51,-0.95,-0.07778034351899699
9.77,0.53,-0.95,0.0015870119047107778
9.63,0.55,-0.95,0.027055734767062134
9.69,0.57,-0.95,0.6234457884331022
9.92,0.59,-0.96,-0.20232959074735568
9.37,0.61,-0.95,0.9973560212463184
9.23,0.66,-0.96,0.9966003728030888
9.9,-0.02,-0.94,-1.5777803373556711
9.3,0.05,-0.93,-1.3969102134501572
9.92,0.09,-0.92,-1.6189700741584723
10.07,0.11,-0.93,-0.3233655018246395
9.71,0.13,-0.93,-1.4547275157863542
9.38,0.15,-0.93,-1.2660567780639074
9.3,0.17,-0.93,-1.2586075079299075
9.3,0.19,-0.93,-1.0212465952317125
9.35,0.21,-0.93,-1.094727859109108
9.28,0.23,-0.93,-1.2386070501662356
9.39,0.25,-0.93,-1.111246747819603
9.4,0.27,-0.93,-0.9528415853390566
9.43,0.29,-0.93,-0.8172164522442369
9.4,0.31,-0.93,-0.7767503416916899
9.4,0.33,-0.93,-0.7767503416916899
9.33,0.35,-0.93,-0.42690993024261914
9.49,0.37,-0.93,-0.48567840143626917
9.48,0.39,-0.93,-0.3796290004058722
9.52,0.41,-0.93,-0.27696240907737746
9.58,0.43,-0.93,-0.3495509901461489
9.46,0.45,-0.93,-0.10206519659619673
9.63,0.47,-0.93,0.019334747985801926
9.56,0.49,-0.93,0.047454624051079364
9.59,0.51,-0.93,0.04042772049720078
9.67,0.53,-0.93,0.22042094144087976
9.82,0.55,-0.93,0.6447878225491497
9.76,0.57,-0.93,-0.2414862952793353
9.25,0.59,-0.93,-0.1038719717177532
9.17,0.63,-0.93,0.6945110149490894
9.1,-0.08,-0.92,-2.1000003911769642
10.03,-0.05,-0.91,-2.184901691107937
9.31,0.05,-0.9,-1.6110304088091887
9.32,0.07,-0.91,-1.5418484541478126
8.86,0.09,-0.91,-0.8599996502057543
9.61,0.12,-0.91,-1.83184841600084
9.43,0.14,-0.92,-1.0875776267068442
9.5,0.15,-0.91,-1.596910022715294
9.34,0.17,-0.91,-1.1639088762748973
9.49,0.19,-0.91,-1.3760564347411535
9.31,0.21,-0.91,-1.2686077368117434
9.36,0.23,-0.91,-0.9620596480052086
9.44,0.25,-0.91,-1.025026248342309
9.45,0.27,-0.91,-1.0028417760739199
9.36,0.29,-0.91,-0.7265311938736687
9.42,0.31,-0.91,-0.7865316134903679
9.43,0.33,-0.91,-0.6376086123374023
9.5,0.35,-0.91,-0.49139983635916984
9.42,0.37,-0.91,-0.4468722237957774
9.59,0.39,-0.91,-0.41102320803760506
9.47,0.41,-0.91,-0.3269854712442335
9.28,0.43,-0.91,-0.3609216493277341
9.49,0.45,-0.91,0.09546094763253166
9.53,0.47,-0.91,-0.2995507994112856
9.62,0.49,-0.91,0.387321070621681
9.7,0.51,-0.91,0.2143433498722107
9.47,0.53,-0.91,0.275074520083729
9.5,0.55,-0.91,0.8348557064754978
9.42,0.56,-0.91,0.7694902449018102
9.88,0.61,-0.91,0.09772349084792964
9.94,0.65,-0.92,0.25145143301550554
8.94,-0.12,-0.88,-1.9399995900905385
9.93,-0.01,-0.9,-1.5875776267068442
9.65,0.02,-0.9,-0.9872417789703611
9.62,0.03,-0.89,-1.4158799126103947
9.63,0.06,-0.9,-0.15143362022307372
9.44,0.09,-0.89,-1.7410295695757902
9.25,0.11,-0.89,-1.4049019581367457
9.64,0.13,-0.89,-1.6400003368512621
9.2,0.15,-0.89,-1.199999802793645
9.42,0.17,-0.89,-1.3786073934889895
9.25,0.19,-0.89,-1.1038719624727644
9.36,0.21,-0.89,-1.3186069738722903
9.48,0.23,-0.89,-1.2247270198757096
9.38,0.25,-0.89,-0.8359320774866337
9.42,0.27,-0.89,-0.9286383791195476
9.46,0.29,-0.89,-0.5966771666792425
9.48,0.31,-0.89,-0.7165715611700652
9.46,0.33,-0.89,-0.5106100384825449
9.59,0.35,-0.89,-0.3886030191503682
9.52,0.37,-0.89,-0.3769856619790968
9.6,0.39,-0.89,-0.2556081002882262
9.68,0.41,-0.89,-0.3682464542218682
9.53,0.43,-0.89,0.032293142832557464
9.56,0.45,-0.89,-0.10975132157829037
9.64,0.47,-0.89,0.027452618474200108
9.58,0.49,-0.89,0.04940969873049461
9.74,0.51,-0.89,0.6376706793256446
9.33,0.53,-0.89,0.44887456483613875
9.87,0.56,-0.9,0.14452065960774618
9.63,0.64,-0.89,0.4563597094440688
10.23,-0.35,-0.86,-2.9289695562795846
8.97,-0.11,-0.87,-1.4928790220163837
9.45,-0.06,-0.86,-2.148969823308393
9.69,0.0,-0.87,-1.7357570536866636
10.12,0.03,-0.87,-1.8412462900559312
9.28,0.07,-0.87,-1.434901691107937
9.37,0.09,-0.87,-1.5918486448826759
9.35,0.11,-0.87,-1.3500003749982348
9.48,0.13,-0.87,-1.3338715047090925
9.42,0.15,-0.87,-1.1412464807907945
9.49,0.17,-0.87,-1.1097885391137954
9.43,0.19,-0.87,-1.2539090288627879
9.43,0.21,-0.87,-1.0875776267068442
9.46,0.23,-0.87,-0.8579400403475184
9.43,0.25,-0.87,-0.7579024483415946
9.38,0.27,-0.87,-0.7567508376023344
9.52,0.29,-0.87,-0.5755177879667723
9.55,0.31,-0.87,-0.5246943489139895
9.45,0.33,-0.87,-0.4288105299178415
9.52,0.35,-0.87,-0.29211373844554345
9.84,0.37,-0.87,-0.6846641310526564
9.68,0.39,-0.87,-0.19427888681529026
9.57,0.41,-0.87,-0.16687917855957224
9.52,0.43,-0.87,0.05287114554422878
9.97,0.45,-0.87,0.5715789673964959
9.41,0.47,-0.87,0.05686778283697791
9.66,0.51,-0.87,0.7697524264315554
9.71,0.53,-0.86,-0.021580205959619292
9.42,0.55,-0.87,0.106339187536582
10.06,0.57,-0.88,0.1481720967922051
10.07,-0.45,-0.84,-1.3887584671558706
9.71,-0.17,-0.85,-1.8649019962837183
9.51,-0.09,-0.85,-1.5100002224103442
9.53,-0.06,-0.85,-1.684901691107937
9.52,-0.06,-0.85,-0.49469461594279807
9.81,-0.02,-0.85,-1.5795514936703139
9.31,-0.01,-0.85,-1.2686077368117434
9.51,0.02,-0.84,-1.4308189925414485
9.37,0.03,-0.85,-1.5918486448826759
9.74,0.05,-0.85,-1.378271927222233
9.34,0.07,-0.85,-1.5618489119114844
9.5,0.09,-0.85,-1.2212464044968492
9.5,0.11,-0.85,-1.1777807188253977
9.41,0.13,-0.85,-1.205879874463422
9.37,0.15,-0.85,-1.2560565491820714
9.46,0.17,-0.85,-0.9414860810117727
9.5,0.19,-0.85,-1.1197887679956313
9.46,0.21,-0.85,-0.9285211165366061
9.4,0.23,-0.85,-0.8814856613950734
9.44,0.25,-0.85,-0.7965469062503825
9.39,0.27,-0.85,-0.6657244971658614
9.54,0.29,-0.85,-0.6479053750923747
9.56,0.31,-0.85,-0.47364057875730836
9.49,0.33,-0.85,-0.581514750961194
9.51,0.35,-0.85,-0.24282849488185576
9.85,0.37,-0.85,-0.10727523368788461
9.48,0.39,-0.85,-0.3068132710443532
9.59,0.41,-0.85,-0.2008340597707967
9.67,0.43,-0.85,0.03415043563468245
9.74,0.45,-0.85,0.235891367034899
9.76,0.47,-0.85,0.4940642424915769
10.14,0.49,-0.85,-0.31134046153552397
9.71,0.51,-0.85,0.5196817865981416
10.04,0.53,-0.86,0.2012974328608763
9.51,-0.2,-0.83,-1.0328789569048613
9.69,-0.15,-0.82,-1.8449015385200465
9.51,-0.13,-0.83,-1.907940247261111
9.4,-0.11,-0.83,-1.7979396369095486
9.65,-0.09,-0.83,-1.6957570918336362
9.41,-0.03,-0.83,-1.564901805548855
9.43,-0.01,-0.83,-1.584902263312527
9.52,0.01,-0.83,-1.5657579310670346
9.18,0.03,-0.82,-1.225757778479144
9.61,0.05,-0.83,-1.4638716191500105
9.47,0.07,-0.83,-1.4700002605573168
9.56,0.09,-0.83,-1.3839091433037058
9.47,0.11,-0.83,-1.3908190306884212
9.52,0.13,-0.83,-1.1775777792947348
9.41,0.15,-0.83,-1.087780566237507
9.43,0.17,-0.83,-0.9676023197734995
9.55,0.19,-0.83,-1.0586384935604656
9.42,0.21,-0.83,-0.807216223362401
9.51,0.23,-0.83,-0.7318489612408801
9.54,0.25,-0.83,-0.6707682365250847
9.58,0.27,-0.83,-0.6715149035490846
9.54,0.29,-0.83,-0.5668721093548594
9.61,0.31,-0.83,-0.6415167047831858
9.67,0.33,-0.83,-0.5730900632858891
9.75,0.35,-0.83,-0.36618462032781807
9.68,0.37,-0.83,-0.14980059353337616
9.64,0.39,-0.83,-0.22169907097287833
9.77,0.41,-0.83,0.20405044854661902
9.93,0.43,-0.83,0.06255320928564778
9.71,0.45,-0.83,0.011810575493750974
9.93,0.47,-0.83,0.05000307508179702
9.89,0.49,-0.83,0.24001159898057267
9.81,0.5,-0.83,0.3752583370287006
9.34,0.53,-0.82,1.0167903033925798
9.4,0.54,-0.84,0.6441479903758971
9.5,0.58,-0.84,0.2944880479887857
9.47,0.61,-0.84,0.008566227189035658
9.42,-0.22,-0.81,-1.6418488356175391
10.18,-0.18,-0.8,-1.115542328445537
10.6,-0.17,-0.81,-0.4585505961075125
9.4,-0.16,-0.8,-1.701029607722763
10.2,-0.1,-0.81,-1.546787306994668
10.25,-0.08,-0.81,-1.0044873345391192
9.43,-0.07,-0.82,-1.7310302943682707
9.66,-0.04,-0.8,-1.814901805548855
9.68,-0.03,-0.81,-1.2650269731347894
9.95,-0.01,-0.81,-1.3372159563335924
9.47,0.01,-0.81,-1.5157577403321714
9.31,0.03,-0.81,-1.3100004131452074
9.59,0.05,-0.81,-1.2677808714132883
9.56,0.07,-0.81,-1.2812468241135484
9.57,0.09,-0.81,-1.2275770163552817
9.49,0.11,-0.81,-1.2112461756150132
9.49,0.13,-0.81,-0.9714858139829641
9.5,0.15,-0.81,-0.9685210783896334
9.42,0.17,-0.81,-0.9728420431027285
9.49,0.19,-0.81,-0.8465470969852458
9.45,0.21,-0.81,-0.8589352181684653
9.6,0.23,-0.81,-0.7870870407566972
9.6,0.25,-0.81,-0.49962983963927066
9.66,0.27,-0.81,-0.6225733361722732
9.55,0.29,-0.81,-0.4461964763013544
9.59,0.31,-0.81,-0.40815657009279604
9.65,0.33,-0.81,-0.3446482531843973
9.7,0.35,-0.81,-0.33638784013079714
9.79,0.37,-0.81,0.17425967014262866
9.8,0.39,-0.81,-0.049491787055620406
9.93,0.41,-0.81,-0.12859660039287135
9.69,0.43,-0.81,-0.015138437894218981
10.02,0.45,-0.81,-0.02656421044675028
9.75,0.48,-0.81,0.3800119423033266
9.99,0.49,-0.81,0.09098728266700462
10.12,0.51,-0.8,0.46308549117273934
9.53,0.54,-0.81,0.8787488589924344
11.14,-0.32,-0.78,-2.1577291199904245
10.12,-0.28,-0.8,-1.2009218019156247
9.58,-0.22,-0.79,-1.9779399420853299
9.93,-0.15,-0.79,-1.0726677914872003
9.48,-0.13,-0.79,-1.8779395606156033
9.66,-0.1,-0.8,-1.5460565110350988
10.03,-0.06,-0.78,-1.7512461374680406
9.45,-0.05,-0.79,-1.1075771307961997
9.69,-0.03,-0.79,-1.3889695782478277
9.51,-0.01,-0.79,-1.3339089525688426
9.76,0.01,-0.79,-1.2686385317074382
9.55,0.03,-0.79,-1.1028421575436465
9.59,0.05,-0.79,-1.3595512266415053
9.53,0.07,-0.79,-1.325879760022504
9.42,0.09,-0.79,-1.18955115034756
9.42,0.11,-0.79,-1.1412464807907945
9.59,0.13,-0.79,-1.084850183975222
9.54,0.15,-0.79,-0.9602163706858953
9.54,0.17,-0.79,-0.896547287720109
9.52,0.19,-0.79,-0.9072166048321275
9.54,0.21,-0.79,-0.6766770903852972
9.54,0.23,-0.79,-0.506576189108765
9.66,0.25,-0.79,-0.7849385840204093
9.64,0.27,-0.79,-0.4877120120649767
9.7,0.29,-0.79,-0.5124790991864785
9.58,0.31,-0.79,-0.3651560794465478
9.62,0.33,-0.79,-0.20670013587002956
9.68,0.35,-0.79,-0.3899656831933793
9.7,0.37,-0.79,0.13122989804124963
9.6,0.39,-0.79,-0.19006726941947605
9.71,0.41,-0.79,0.10424755631447091
9.87,0.43,-0.79,-0.3449550908856853
9.7,0.45,-0.79,0.658315825009165
9.61,0.47,-0.79,-0.17383700660223766
9.8,0.5,-0.79,-0.022573384940230312
9.77,0.5,-0.79,-0.5910235132133863
9.39,0.52,-0.8,0.4827384863706943
10.15,-0.37,-0.78,-0.2155011480227298
9.9,-0.31,-0.78,-1.1518115896750754
9.45,-0.22,-0.76,-1.6718485685887305
9.48,-0.21,-0.77,-1.4799995357648363
9.29,-0.19,-0.76,-1.6879399802323025
9.84,-0.17,-0.76,-1.4250268205468988
9.5,-0.14,-0.77,-1.5457574733033628
9.52,-0.13,-0.78,-1.8210304469561613
9.95,-0.12,-0.77,-1.4448498406524681
9.86,-0.09,-0.77,-1.3976016712749644
9.69,-0.07,-0.77,-1.1585206587729342
9.55,-0.05,-0.77,-1.2489701885993902
9.58,-0.03,-0.77,-1.3758799507573674
9.6,-0.01,-0.77,-1.5208191451293391
9.49,0.01,-0.77,-1.2595508451717787
9.51,0.03,-0.77,-1.2312466333786851
9.51,0.05,-0.77,-1.1877809477072336
9.42,0.07,-0.77,-1.097780795119343
9.47,0.09,-0.77,-1.1477809858542063
9.52,0.11,-0.77,-1.0014865006284719
9.55,0.13,-0.77,-0.947940192935409
9.51,0.15,-0.77,-0.9189356377851645
9.59,0.17,-0.77,-0.7704561997887094
9.57,0.19,-0.77,-0.7570863541111894
9.61,0.21,-0.77,-0.7179050699165934
9.66,0.23,-0.77,-0.542728570726215
9.56,0.25,-0.77,-0.47364057875730836
9.61,0.27,-0.77,-0.4281560741821515
9.71,0.29,-0.77,-0.5339087790912913
9.58,0.31,-0.77,-0.22016444860067352
9.63,0.33,-0.77,-0.1986363426120139
9.68,0.35,-0.77,-0.21461744238008862
9.94,0.37,-0.77,-0.017793320779592392
9.98,0.39,-0.77,-0.09238225370352104
9.79,0.41,-0.77,-0.4495558356656346
9.92,0.43,-0.77,0.11662882363632754
9.78,0.46,-0.78,0.09794722962953273
9.87,0.46,-0.78,0.17493166656555914
9.84,0.49,-0.77,-0.6358801634604738
9.82,0.51,-0.78,0.6477563654481635
9.47,-0.23,-0.76,-1.771030256221298
9.58,-0.21,-0.74,-1.6257573970094175
9.98,-0.17,-0.75,-1.04048028723739
9.49,-0.15,-0.75,-1.586909793833458
9.82,-0.13,-0.75,-2.0418484541478126
9.64,-0.11,-0.75,-1.5260570069457433
9.57,-0.09,-0.75,-1.528607012019263
9.46,-0.07,-0.75,-1.346056701769962
9.49,-0.05,-0.75,-1.3760564347411535
9.65,-0.03,-0.75,-1.47390834221728
9.44,-0.01,-0.75,-1.3260562440062902
9.49,0.01,-0.75,-1.2112461756150132
9.58,0.03,-0.75,-1.1650265916650628
9.58,0.05,-0.75,-0.9672160707745103
9.51,0.07,-0.75,-1.078636447465536
9.57,0.09,-0.75,-1.013697176799619
9.56,0.11,-0.75,-0.9802168284495671
9.54,0.13,-0.75,-0.9167506850144438
9.57,0.15,-0.75,-0.7570863541111894
9.56,0.17,-0.75,-0.7965724385504362
9.59,0.19,-0.75,-0.6657208800853258
9.73,0.21,-0.75,-0.5510225976860426
9.71,0.23,-0.75,-0.5861483831664298
9.72,0.25,-0.75,-0.510485251207859
9.93,0.27,-0.75,-0.5935405560581088
9.74,0.29,-0.75,-0.30703047413046747
9.79,0.31,-0.75,-0.4515434549492099
9.82,0.33,-0.75,-0.20933953985542786
10.09,0.35,-0.75,-0.1709220502316846
9.91,0.37,-0.75,-0.21189932170898373
9.7,0.39,-0.75,-0.030682921603942148
9.76,0.41,-0.75,-0.1482769046720307
10.45,0.43,-0.75,-0.8006649468384168
10.14,0.45,-0.76,0.41059484924553047
10.03,0.47,-0.75,-0.6002474437306677
9.6,0.54,-0.76,-0.35945113080680713
10.59,-0.37,-0.72,-1.4316376432353284
9.69,-0.31,-0.72,-1.6108183440429134
9.78,-0.27,-0.73,-1.0898036444901162
9.58,-0.25,-0.72,-1.8018486830296485
9.63,-0.22,-0.72,-1.6757575877442807
9.67,-0.19,-0.73,-1.7669100990092392
9.56,-0.17,-0.73,-1.605757892920062
9.63,-0.15,-0.73,-1.328970112305445
9.96,-0.13,-0.73,-0.9225735269071365
9.76,-0.11,-0.73,-1.6808189925414485
9.55,-0.09,-0.73,-1.4038721532076277
9.54,-0.07,-0.73,-1.2847274394924089
9.52,-0.05,-0.73,-1.2895515318172865
9.69,-0.03,-0.73,-1.309788348378932
9.67,-0.01,-0.73,-1.2897888442895766
9.59,0.01,-0.73,-1.1750268205468988
9.57,0.03,-0.73,-0.9789351037275473
9.53,0.05,-0.73,-0.9985208113608248
9.52,0.07,-0.73,-0.9289358666670005
9.58,0.09,-0.73,-0.9889353326093833
9.58,0.11,-0.73,-0.7946700785106451
9.6,0.13,-0.73,-0.7249391180780265
9.67,0.15,-0.73,-0.7779054895332926
9.62,0.17,-0.73,-0.7061860369635564
9.68,0.19,-0.73,-0.7162124699518877
9.58,0.21,-0.73,-0.5756785540241598
9.64,0.23,-0.73,-0.5986076487514502
9.77,0.25,-0.73,-0.3651667476661835
9.73,0.27,-0.73,-0.3895554160489354
9.82,0.29,-0.73,-0.43260985830084664
9.94,0.31,-0.73,-0.1871831609031709
9.76,0.33,-0.73,-0.02760646138895062
9.75,0.35,-0.73,-0.12882373606027286
10.17,0.37,-0.73,0.2856060246823038
9.9,0.39,-0.74,0.32219643571725953
9.98,0.41,-0.73,0.11691047077172811
9.49,0.42,-0.73,-0.030607266101622344
9.96,0.45,-0.73,-0.5870880544816561
9.94,-0.49,-0.71,-1.383697062358701
10.3,-0.48,-0.72,-0.930784349254548
10.19,-0.44,-0.71,-1.4046697351878912
9.95,-0.29,-0.71,-1.2872419697052244
9.19,-0.27,-0.7,-0.5367870781128321
9.39,-0.25,-0.71,-1.912879098310329
10.35,-0.23,-0.7,-2.0075777030007895
9.7,-0.21,-0.7,-1.8549017674018824
9.62,-0.19,-0.71,-1.1728418523678652
9.95,-0.17,-0.71,-1.6947272869045182
9.63,-0.15,-0.71,-1.3995511884945326
9.6,-0.13,-0.71,-1.453872343942491
9.57,-0.11,-0.71,-1.4238716572969832
9.65,-0.09,-0.71,-1.3277803373556711
9.59,-0.07,-0.71,-1.47605681621088
9.61,-0.05,-0.71,-1.2297884246728774
9.57,-0.03,-0.71,-1.2275770163552817
9.61,-0.01,-0.71,-1.0536971386526464
9.64,0.01,-0.71,-1.1628790713457793
9.6,0.03,-0.71,-1.0559323445154423
9.59,0.05,-0.71,-0.9879401547884363
9.6,0.07,-0.71,-1.0202167903025945
9.6,0.09,-0.71,-0.8839970537647535
9.61,0.11,-0.71,-0.893996328972273
9.65,0.13,-0.71,-0.6909582136928876
9.75,0.15,-0.71,-0.7246941581791262
9.76,0.17,-0.71,-0.8255017704142773
9.76,0.19,-0.71,-0.6296664527169131
9.84,0.21,-0.71,-0.6278125494544096
9.76,0.23,-0.71,-0.7107822043626566
9.81,0.25,-0.71,-0.48366458213184416
9.86,0.27,-0.71,-0.3061166392886907
9.67,0.29,-0.71,-0.562790116353316
9.68,0.31,-0.71,-0.5796297633453253
9.83,0.33,-0.71,0.013232841318982835
10.08,0.35,-0.71,0.25805796540545245
9.72,0.37,-0.71,-0.06678775325346464
10.14,0.39,-0.71,-0.31392555298537594
10.22,0.43,-0.71,0.32057946474478705
9.58,0.46,-0.71,0.0789649135087025
10.52,-0.38,-0.68,-0.4786077726054465
9.89,-0.37,-0.69,-1.2772164903912095
9.89,-0.33,-0.69,-1.7438723057955183
9.98,-0.3,-0.69,-1.3365468681034098
9.97,-0.29,-0.69,-1.4259322300745243
9.64,-0.27,-0.69,-1.2975776648538169
9.51,-0.25,-0.69,-1.5100002224103442
9.52,-0.23,-0.69,-1.4408192214232844
9.87,-0.21,-0.69,-1.966909908274376
9.88,-0.19,-0.69,-1.1639967867359449
9.69,-0.17,-0.69,-1.3475769019143637
9.58,-0.15,-0.69,-1.4039086473930613
9.76,-0.13,-0.69,-1.1367509520432524
9.58,-0.11,-0.69,-1.3758799507573674
9.66,-0.09,-0.69,-1.2128418142208925
9.61,-0.07,-0.69,-1.2120596480052086
9.62,-0.05,-0.69,-1.1886361041427822
9.64,-0.03,-0.69,-1.0959323063684696
9.6,-0.01,-0.69,-1.122879109492752
9.62,0.01,-0.69,-1.0636973675344823
9.68,0.03,-0.69,-1.036547631042863
9.65,0.05,-0.69,-0.9257237723733809
9.65,0.07,-0.69,-0.8791476261929194
9.67,0.09,-0.69,-0.8249020436756798
9.7,0.11,-0.69,-0.7809217256216794
9.73,0.13,-0.69,-0.6925730309964919
9.69,0.15,-0.69,-0.8326670666947198
9.85,0.17,-0.69,-0.6069623327834321
9.83,0.19,-0.69,-0.37668159678429625
9.89,0.21,-0.69,-0.5358919060079881
9.98,0.23,-0.69,-0.4971259640772523
9.88,0.25,-0.69,-0.18539493224171366
10.18,0.27,-0.69,-0.3918319434783548
10.01,0.29,-0.69,-0.3171533247266325
10.01,0.3,-0.69,-0.6463882597474964
9.82,0.33,-0.69,-0.21254465115644017
9.71,0.34,-0.7,0.2758753328531718
9.8,0.37,-0.69,-0.33461732793917065
10.2,0.39,-0.69,0.21430486354699774
9.83,0.41,-0.69,-0.23120941381315063
9.73,0.42,-0.7,-1.3150262101953363
10.01,0.45,-0.69,0.2571714995211778
10.05,0.47,-0.69,-0.25134954792346065
10.18,-0.43,-0.67,-1.2209589003383954
9.81,-0.42,-0.68,-1.7686077368117434
10.12,-0.39,-0.67,-0.9439086265034007
10.08,-0.36,-0.67,-1.4365472495731364
10.1,-0.35,-0.67,-1.4010303771337078
9.85,-0.33,-0.67,-1.3314864243345266
10.44,-0.28,-0.68,-2.3608183440429134
10.07,-0.27,-0.67,-1.1949384314325187
9.59,-0.25,-0.67,-1.6357576258912534
10.01,-0.23,-0.67,-1.6877809477072336
9.64,-0.21,-0.67,-1.5608191069823665
9.58,-0.19,-0.67,-1.1820599150340172
9.62,-0.17,-0.67,-1.4158799126103947
9.78,-0.15,-0.67,-1.2485208113608248
9.68,-0.13,-0.67,-1.2997890731714126
9.64,-0.11,-0.67,-1.2975776648538169
9.66,-0.09,-0.67,-1.2797886154077407
9.64,-0.07,-0.67,-1.1486386461483562
9.65,-0.05,-0.67,-1.2028415853390566
9.69,-0.03,-0.67,-1.0989349892866294
9.65,-0.01,-0.67,-0.9687583908619253
9.65,0.01,-0.67,-0.9779017616960868
9.66,0.03,-0.67,-0.8339250338932658
9.66,0.05,-0.67,-0.904124997189296
9.68,0.07,-0.67,-0.7879057184151286
9.73,0.09,-0.67,-0.5686315257194394
9.75,0.11,-0.67,-0.7815170481059397
9.77,0.13,-0.67,-0.7614002941228417
9.81,0.15,-0.67,-0.738118431615364
10.0,0.17,-0.67,-0.6326440931945996
9.94,0.19,-0.67,-0.42811621940442635
9.85,0.21,-0.67,-0.5036474014221213
9.98,0.23,-0.67,-0.6661323339305394
9.99,0.25,-0.67,-0.663663933633309
9.64,0.27,-0.67,-0.30958654868416957
9.82,0.29,-0.67,-0.17951826922703695
10.12,0.31,-0.67,-0.4572420628813241
10.13,0.33,-0.67,-0.2345775610243379
9.92,0.35,-0.67,-0.4081167153150709
10.04,0.37,-0.67,0.0225820295470065
9.67,0.39,-0.67,-0.34778080128266886
10.05,0.43,-0.67,0.14061161348764628
9.81,0.45,-0.68,0.29516900058026785
9.85,-0.43,-0.66,-1.0370870407566972
9.52,-0.42,-0.65,-1.917940476142947
10.61,-0.39,-0.66,-1.1933591667946377
9.76,-0.38,-0.66,-1.8057577021851987
9.52,-0.35,-0.65,-0.4906166587890688
10.07,-0.33,-0.65,-1.3539963671192456
9.9,-0.31,-0.65,-1.7538715810030379
9.88,-0.29,-0.65,-1.0049388510492179
9.71,-0.27,-0.65,-1.5339087618339793
9.63,-0.25,-0.65,-1.4258801414922306
9.66,-0.23,-0.65,-1.3589698452766363
9.72,-0.21,-0.65,-1.2728422338375918
9.68,-0.19,-0.65,-1.2486365237594814
9.69,-0.17,-0.65,-1.2920595717112633
9.73,-0.15,-0.65,-1.3497883102319594
9.67,-0.13,-0.65,-1.2228420431027285
9.75,-0.11,-0.65,-1.2185210783896334
9.71,-0.09,-0.65,-1.1302164469798406
9.68,-0.07,-0.65,-1.1002167140086492
9.65,-0.05,-0.65,-1.058935027433602
9.66,-0.03,-0.65,-1.0067873451416407
9.68,-0.01,-0.65,-0.9476065280955002
9.7,0.01,-0.65,-0.9076081164267578
9.72,0.03,-0.65,-0.893925453509965
9.76,0.05,-0.65,-0.8623731257952567
9.79,0.07,-0.65,-0.8122763620138578
9.8,0.09,-0.65,-0.6860568543578527
9.77,0.11,-0.65,-0.7529671343947193
9.9,0.13,-0.65,-0.7696658423653506
9.91,0.15,-0.65,-0.5836640099272543
9.9,0.17,-0.65,-0.618966258872149
9.92,0.19,-0.65,-0.5957176425883404
9.98,0.21,-0.65,-0.5297504441979193
9.99,0.23,-0.65,-0.602609934594792
9.94,0.25,-0.65,-0.19414437182508593
9.89,0.27,-0.65,-0.16002606687851717
9.91,0.29,-0.65,-0.06989374816719618
10.13,0.31,-0.65,-0.5749056762458284
10.48,0.33,-0.65,-0.6449434308278974
9.88,0.35,-0.65,-0.13570711639299837
9.67,0.37,-0.65,0.6757656183150864
9.77,0.39,-0.65,0.2745392996383025
9.78,0.41,-0.64,-0.8306097333067637
10.58,-0.56,-0.62,-0.7009040343576878
10.49,-0.56,-0.62,-0.685179084606867
10.71,-0.51,-0.63,-0.4598240677129368
10.24,-0.46,-0.63,-1.46914777878081
10.34,-0.44,-0.63,-1.119892073280452
10.19,-0.41,-0.62,-0.9751557361237939
9.81,-0.39,-0.63,-1.6638723820894636
10.08,-0.37,-0.63,-0.9694102262494564
10.0,-0.35,-0.63,-1.4559319630457157
9.81,-0.33,-0.63,-0.9774915023423514
9.9,-0.31,-0.63,-1.4228783465532988
9.88,-0.29,-0.63,-1.2465316516373406
9.71,-0.27,-0.63,-1.4089700360114996
9.78,-0.25,-0.63,-1.457780451796589
9.73,-0.23,-0.63,-1.2528782702593535
9.69,-0.21,-0.63,-1.309788348378932
9.69,-0.19,-0.63,-1.1585206587729342
9.72,-0.17,-0.63,-1.2576022816265269
9.71,-0.15,-0.63,-1.1914860810117727
9.67,-0.13,-0.63,-1.125932039339661
9.71,-0.11,-0.63,-1.1079400403475184
9.75,-0.09,-0.63,-1.1065473258670817
9.73,-0.07,-0.63,-1.0767870399658594
9.75,-0.05,-0.63,-1.042429832023151
9.75,-0.03,-0.63,-0.9370866592869707
9.7,-0.01,-0.63,-0.9441249590423233
9.77,0.01,-0.63,-0.8615154376067018
9.78,0.03,-0.63,-0.8823726298846122
9.79,0.05,-0.63,-0.6965782733506671
9.87,0.07,-0.63,-0.7981178975577468
9.9,0.09,-0.63,-0.7268133473382985
9.93,0.11,-0.63,-0.7996665290108584
10.06,0.13,-0.63,-0.6907845781363839
9.87,0.15,-0.63,-0.7836400446996912
9.98,0.17,-0.63,-0.5768790259716816
9.92,0.19,-0.63,-0.7381564937988507
10.01,0.21,-0.63,-0.4585502378894475
10.03,0.23,-0.63,-0.2864899712331983
10.09,0.25,-0.63,-0.06224295411385583
9.79,0.27,-0.63,-0.6861962474195185
9.58,0.29,-0.63,-1.6769099464213486
10.07,0.32,-0.63,-0.0345699413705276
10.09,0.33,-0.63,0.2715388143576778
9.98,0.35,-0.63,-1.5028782702593535
9.47,0.37,-0.63,-0.17553403455997518
9.89,0.39,-0.63,-0.4000418759612838
10.11,-0.66,-0.6,-0.37121909668128694
9.62,-0.6,-0.61,-1.5408186492186946
10.15,-0.55,-0.61,-1.2635089041155965
10.24,-0.54,-0.6,-1.3887414355243681
10.08,-0.52,-0.61,-1.8495509977596694
9.8,-0.47,-0.62,-1.3528421575436465
10.2,-0.45,-0.61,-1.3938198449884869
9.75,-0.43,-0.61,-1.4712464044968492
10.06,-0.41,-0.61,-1.3357245734598067
9.87,-0.39,-0.61,-1.4076019001568003
10.09,-0.37,-0.61,-1.186910159124455
9.83,-0.35,-0.61,-1.1224297557292058
9.87,-0.33,-0.61,-1.3017981558951206
9.92,-0.31,-0.61,-1.2210300719579266
9.81,-0.29,-0.61,-1.2302168284495671
9.77,-0.27,-0.61,-1.2928791857866972
9.79,-0.25,-0.61,-1.2585210402426608
9.75,-0.23,-0.61,-1.1267507231614164
9.74,-0.21,-0.61,-1.160216179951032
9.77,-0.19,-0.61,-1.1679404599642176
9.71,-0.17,-0.61,-1.1302164469798406
9.76,-0.15,-0.61,-1.0357243827249434
9.73,-0.13,-0.61,-1.0965310794327507
9.78,-0.11,-0.61,-1.039637034063869
9.76,-0.09,-0.61,-1.0357243827249434
9.75,-0.07,-0.61,-0.9304560472008188
9.82,-0.05,-0.61,-1.020659148657744
9.83,-0.03,-0.61,-0.77309507781926
9.76,-0.01,-0.61,-0.8679056421211833
9.8,0.01,-0.61,-0.91918660390375
9.88,0.03,-0.61,-0.7627288377550236
9.86,0.05,-0.61,-0.716984860892671
9.82,0.07,-0.61,-0.7094099973676204
9.87,0.09,-0.61,-0.6421131662409536
9.94,0.11,-0.61,-0.5200438129958016
10.05,0.13,-0.61,-0.6043959933992653
9.92,0.15,-0.61,-0.7497383553020214
9.96,0.17,-0.61,-0.6655338056781392
10.03,0.19,-0.61,-0.3148323703345781
9.97,0.21,-0.61,-0.23520045116953625
10.13,0.23,-0.61,-0.9481565319458234
10.44,0.25,-0.61,-1.480958175545915
10.1,0.26,-0.61,-0.14095897094311738
10.03,0.29,-0.61,-0.7182458820172783
9.91,0.31,-0.61,0.055672113050192706
9.89,0.34,-0.61,0.09362594896284548
10.29,0.35,-0.61,-0.47045603258654545
10.03,0.37,-0.61,0.3208295465206561
9.0,-0.66,-0.58,-1.096910022715294
10.1,-0.63,-0.59,-1.0281183934683913
10.35,-0.59,-0.59,-1.3165766087254642
9.93,-0.53,-0.59,-1.0849022725575157
9.98,-0.51,-0.59,-1.209147549898974
10.22,-0.49,-0.58,-1.4138203027521588
9.99,-0.47,-0.59,-1.1770864304051347
10.04,-0.45,-0.59,-1.3239966341480542
10.01,-0.43,-0.59,-1.302430060904987
9.99,-0.41,-0.59,-1.5586359897018642
9.79,-0.39,-0.59,-1.467780680678425
9.91,-0.37,-0.59,-1.154124997189296
9.83,-0.35,-0.59,-1.1672420841461424
9.79,-0.33,-0.59,-1.4282721179570963
9.86,-0.31,-0.59,-1.4797884246728774
9.83,-0.29,-0.59,-1.2067506468674711
9.81,-0.27,-0.59,-1.2417986899527378
9.82,-0.25,-0.59,-1.1865312320206414
9.8,-0.23,-0.59,-1.255932153780579
9.8,-0.21,-0.59,-1.2089355996381919
9.78,-0.19,-0.59,-1.1779397351717371
9.74,-0.17,-0.59,-1.0867872688476954
9.8,-0.15,-0.59,-1.0291481983975093
9.79,-0.13,-0.59,-1.049637262945705
9.76,-0.11,-0.59,-1.052430060904987
9.84,-0.09,-0.59,-1.0338201883112408
9.84,-0.07,-0.59,-0.8715172006938303
9.87,-0.05,-0.59,-0.961514865402112
9.88,-0.03,-0.59,-0.880000114440918
9.88,-0.01,-0.59,-0.8269216727901334
9.97,0.01,-0.59,-0.788156684533714
9.92,0.03,-0.59,-0.9377288529616159
9.91,0.05,-0.59,-0.7004848315911598
10.06,0.07,-0.59,-0.6206677257864364
9.99,0.09,-0.59,-0.5920597624461266
10.04,0.11,-0.59,-0.6455482776866859
10.11,0.13,-0.59,-0.6536336394780307
9.94,0.15,-0.59,-0.5283798872627212
10.06,0.17,-0.59,-0.6517604640120886
9.88,0.19,-0.59,-0.9068722619427501
10.16,0.21,-0.59,-0.5010350101973522
10.13,0.23,-0.59,-0.3071784629096115
10.14,0.25,-0.59,-0.45247139231367584
10.14,0.26,-0.59,-0.4068030904653668
10.04,0.29,-0.59,-1.3410299575170086
10.16,0.31,-0.59,-1.2357205749095446
10.36,0.33,-0.59,-0.7357175569064189
9.73,0.35,-0.59,0.5199322311698769
10.0,-0.81,-0.57,-0.931814154183666
9.55,-0.76,-0.56,-0.947940192935409
10.37,-0.69,-0.57,-1.2696293437286261
10.64,-0.66,-0.57,-1.2038376932477455
10.05,-0.63,-0.57,-1.1257209182322985
10.02,-0.61,-0.57,-1.5014865006284719
10.12,-0.58,-0.56,-1.2279052987984294
10.04,-0.57,-0.57,-1.4167506850144438
10.06,-0.55,-0.57,-1.416547745483781
10.03,-0.53,-0.57,-1.3310297286351727
10.03,-0.51,-0.57,-1.2518484653302355
10.04,-0.49,-0.57,-1.4167506850144438
9.95,-0.47,-0.57,-1.1865718281988737
10.02,-0.45,-0.57,-1.2876066806833908
9.96,-0.43,-0.57,-1.114902005528707
9.93,-0.41,-0.57,-1.2767878029053126
9.81,-0.39,-0.57,-1.4120604109446617
9.87,-0.37,-0.57,-1.2789352944624106
9.86,-0.35,-0.57,-1.178758429008898
9.86,-0.33,-0.57,-1.3159316197229618
9.89,-0.31,-0.57,-1.1739970156177808
9.86,-0.29,-0.57,-1.1879017998430594
9.84,-0.27,-0.57,-1.1324299846110417
9.83,-0.25,-0.57,-1.2067506468674711
9.8,-0.23,-0.57,-1.137242351174951
9.86,-0.21,-0.57,-1.1196369577699237
9.83,-0.19,-0.57,-1.0741250734832413
9.83,-0.17,-0.57,-1.0518486560650988
9.82,-0.15,-0.57,-1.0796369959168963
9.83,-0.13,-0.57,-1.0238199594294048
9.86,-0.11,-0.57,-1.002667142988665
9.84,-0.09,-0.57,-0.9105812146919661
9.9,-0.07,-0.57,-0.908773534385217
9.89,-0.05,-0.57,-0.894365144541613
9.94,-0.03,-0.57,-0.8001204954826999
10.02,-0.01,-0.57,-0.826875875339038
9.95,0.01,-0.57,-0.6689664496070122
10.01,0.03,-0.57,-0.7846909607152899
9.96,0.05,-0.57,-0.6904870905889311
9.98,0.07,-0.57,-0.5438368921613197
9.89,0.09,-0.57,-0.8293025119729567
10.02,0.11,-0.57,-0.4847063292683398
10.04,0.13,-0.57,-0.39951853625584555
10.03,0.15,-0.57,-0.3975424446482432
10.12,0.17,-0.57,-0.7343936000297884
10.01,0.19,-0.57,-0.7335384279956987
10.11,0.21,-0.57,-0.1424516929550581
10.01,0.23,-0.57,-1.1123731257952567
10.09,0.25,-0.57,-0.7555463841796488
10.31,0.27,-0.57,-0.9051667095192109
10.55,0.29,-0.57,-1.8687589630665151
9.79,0.31,-0.57,-0.6438719335707805
10.38,-1.03,-0.56,-3.3800001241481556
9.74,-0.87,-0.55,-1.2486380739437664
10.36,-0.84,-0.54,-1.1810227121269605
9.87,-0.81,-0.54,-1.106571904492819
9.65,-0.79,-0.54,-0.9779017616960868
10.31,-0.74,-0.55,-1.1732798509487026
10.3,-0.73,-0.54,-1.1013430919843028
10.42,-0.71,-0.55,-0.5862156907061493
10.39,-0.68,-0.54,-1.00083425050566
10.14,-0.67,-0.55,-1.2479057565621012
10.3,-0.65,-0.55,-1.1181566082397687
10.11,-0.63,-0.55,-1.1755011982096875
10.21,-0.61,-0.55,-1.1455420614167284
10.0,-0.59,-0.55,-1.013228252924204
10.23,-0.57,-0.55,-1.2387734580912717
10.07,-0.55,-0.55,-1.1835089804095418
10.11,-0.53,-0.55,-1.2069096632138105
10.08,-0.51,-0.55,-1.1609218400625974
10.01,-0.49,-0.55,-1.177491311607488
10.01,-0.47,-0.55,-1.2246703836864263
10.02,-0.45,-0.55,-1.3387592300953237
10.04,-0.43,-0.55,-1.2476082690146484
9.97,-0.41,-0.55,-1.184670421833399
9.9,-0.39,-0.55,-1.1676058414499924
9.94,-0.37,-0.55,-1.2679017235491141
9.89,-0.35,-0.55,-1.2465476691898356
9.9,-0.33,-0.55,-1.2010296141942547
9.88,-0.31,-0.55,-1.1318120855857199
9.9,-0.29,-0.55,-1.1757237723733809
9.88,-0.27,-0.55,-1.087608421602539
9.88,-0.25,-0.55,-1.0107683891129753
9.9,-0.23,-0.55,-1.1291476261929194
9.86,-0.21,-0.55,-1.0818483890362902
9.9,-0.19,-0.55,-1.0023725154436942
9.85,-0.17,-0.55,-1.023925567950883
9.87,-0.15,-0.55,-0.9723727824725028
9.93,-0.13,-0.55,-1.0057210326732164
9.92,-0.11,-0.55,-0.9562122410700518
9.94,-0.09,-0.55,-0.9809581755459149
10.02,-0.07,-0.55,-1.024365258982531
10.02,-0.05,-0.55,-0.8241007908451063
10.0,-0.03,-0.55,-0.7878123968665189
10.03,-0.01,-0.55,-0.7651819020833166
10.03,0.01,-0.55,-0.8368751505465575
10.1,0.03,-0.55,-0.5907978565740688
10.03,0.05,-0.55,-0.8996659568062686
10.03,0.07,-0.55,-0.6995859383326071
10.08,0.09,-0.55,-0.5322252218381376
10.14,0.11,-0.55,-0.5368559459140148
10.04,0.13,-0.55,-1.1649386984613272
10.13,0.15,-0.55,-0.5641522878890619
10.0,0.17,-0.55,-0.9065783114976398
10.15,0.19,-0.55,-0.8216199917577054
10.27,0.21,-0.55,-0.3679975653749086
10.0,0.23,-0.55,-0.5528419760537719
10.22,0.25,-0.55,-0.2691487932985872
10.16,0.27,-0.55,-0.28784358578262115
9.6,-0.95,-0.54,-0.7366775100019964
10.54,-0.85,-0.52,-1.168932117205781
10.05,-0.83,-0.53,-1.016576417990601
10.54,-0.81,-0.53,-1.7691479695156733
10.44,-0.79,-0.52,-1.0689317357360544
10.11,-0.77,-0.53,-1.2123725535906669
10.18,-0.75,-0.53,-1.115542328445537
10.15,-0.73,-0.53,-1.4967871162598048
10.35,-0.71,-0.53,-1.3246945396488528
10.33,-0.69,-0.53,-1.1231740438154265
10.27,-0.67,-0.53,-1.2286077631923682
10.12,-0.65,-0.53,-1.2009218019156247
10.11,-0.63,-0.53,-1.2711505674406265
10.11,-0.61,-0.53,-1.1961858080817205
10.14,-0.59,-0.53,-1.2055018848551953
10.09,-0.57,-0.53,-1.197905565827238
10.07,-0.55,-0.53,-1.1509216111807614
10.08,-0.53,-0.53,-1.28065937753958
10.06,-0.51,-0.53,-1.1849391562249991
10.06,-0.49,-0.53,-1.3610304152806805
10.03,-0.47,-0.53,-1.2976059558909103
10.02,-0.45,-0.53,-1.241849190122716
10.01,-0.43,-0.53,-1.1970868881688066
10.03,-0.41,-0.53,-1.217086392258162
10.0,-0.39,-0.53,-1.1739251864811564
9.94,-0.37,-0.53,-1.1765715993170378
9.97,-0.35,-0.53,-1.1776085741904296
9.93,-0.33,-0.53,-1.1306597590093066
9.91,-0.31,-0.53,-1.1318485797711535
9.92,-0.29,-0.53,-1.1206595301274707
9.94,-0.27,-0.53,-1.1139247668644572
9.94,-0.25,-0.53,-1.107490663108953
9.92,-0.23,-0.53,-1.0566772048262152
10.0,-0.21,-0.53,-1.013228252924204
9.96,-0.19,-0.53,-1.0204807831480345
9.96,-0.17,-0.53,-0.9822764383078031
9.94,-0.15,-0.53,-1.0369095869198652
9.94,-0.13,-0.53,-0.914693738562427
9.98,-0.11,-0.53,-0.9588102628890329
10.03,-0.09,-0.53,-0.8072832729840265
10.09,-0.07,-0.53,-0.9053087298913809
10.04,-0.05,-0.53,-0.8441002949344618
10.11,-0.03,-0.53,-0.7919363376443123
10.08,-0.01,-0.53,-0.8758799345786379
10.16,0.01,-0.53,-0.815607566230609
10.05,0.03,-0.53,-0.7577441109258256
10.11,0.05,-0.53,-0.8451818257893713
10.05,0.07,-0.53,-0.7599655687524614
10.01,0.09,-0.53,-0.9725737176419997
10.3,0.11,-0.53,-0.43430412179044353
10.14,0.13,-0.53,-0.5167510726474962
10.12,0.15,-0.53,-0.5661168681705266
10.17,0.17,-0.53,-0.7370307793062487
10.61,0.19,-0.53,-1.0488982605118977
10.46,0.21,-0.53,-0.5189858172139399
10.28,0.23,-0.53,-1.8328416997799746
10.43,0.24,-0.53,-0.9062538495246351
10.06,0.26,-0.54,0.23863435018082235
10.44,-0.94,-0.5,-1.4065758076390384
10.28,-0.94,-0.52,-1.1186317164543027
10.57,-0.91,-0.51,-1.513094848937424
10.56,-0.89,-0.51,-1.5643652208355583
10.38,-0.87,-0.51,-1.0163881453065784
10.61,-0.85,-0.51,-1.3872831966900812
10.38,-0.83,-0.51,-1.0789701187769367
10.3,-0.81,-0.51,-1.0986030572973409
10.24,-0.79,-0.51,-1.1681177831168288
10.12,-0.77,-0.51,-1.1029665621901295
10.18,-0.75,-0.51,-1.1230954592889866
10.32,-0.73,-0.51,-1.1646636732889846
10.4,-0.71,-0.51,-1.3469211768794889
10.2,-0.69,-0.51,-1.0096681244553452
10.23,-0.67,-0.51,-1.086984746451753
10.25,-0.65,-0.51,-1.1930951541132053
10.18,-0.63,-0.51,-1.1346773207921572
10.14,-0.61,-0.51,-1.153228596246958
10.17,-0.59,-0.51,-1.2561862276984197
10.17,-0.57,-0.51,-1.178773992148889
10.13,-0.55,-0.51,-1.1855174446440184
10.09,-0.53,-0.51,-1.1309587477505048
10.12,-0.51,-0.51,-1.1609584807216962
10.07,-0.49,-0.51,-1.1949384314325187
10.08,-0.47,-0.51,-1.1609218400625974
10.06,-0.45,-0.51,-1.2538204553400494
10.03,-0.43,-0.51,-1.1726672192826104
10.02,-0.41,-0.51,-1.1811513685270523
10.0,-0.39,-0.51,-1.1611509107633804
10.02,-0.37,-0.51,-1.1449391943719718
10.01,-0.35,-0.51,-1.123509514467159
9.98,-0.33,-0.51,-1.0935088278216512
10.0,-0.31,-0.51,-1.09151497984303
9.98,-0.29,-0.51,-1.0991859554052148
9.98,-0.27,-0.51,-1.0991859554052148
10.0,-0.25,-0.51,-1.0177287766676706
10.0,-0.23,-0.51,-1.0705810621040754
10.03,-0.21,-0.51,-1.0088104536238962
10.04,-0.19,-0.51,-1.0146941200321535
10.02,-0.17,-0.51,-1.0706104580992442
10.09,-0.15,-0.51,-1.0771629399460831
10.02,-0.13,-0.51,-0.933640616904281
10.08,-0.11,-0.51,-1.0932281766302587
10.1,-0.09,-0.51,-0.909668696659935
10.11,-0.07,-0.51,-0.8898915773698075
10.11,-0.05,-0.51,-0.7857172229716411
10.11,-0.03,-0.51,-0.8199650346948442
10.09,-0.01,-0.51,-0.7825041207954975
10.17,0.01,-0.51,-0.8603699169891357
10.26,0.03,-0.51,-1.1107811265074083
10.11,0.05,-0.51,-0.8669616079909517
10.36,0.07,-0.51,-0.7678228897479276
10.14,0.09,-0.51,-0.819854075047008
10.29,0.11,-0.51,-0.7754522117259253
10.08,0.13,-0.51,-0.3614982332549346
10.13,0.15,-0.51,-0.907283654453753
10.28,0.17,-0.51,-1.4876080401328124
10.24,0.19,-0.51,0.33042639120389694
10.44,0.21,-0.51,-1.1346482150374246
9.56,0.22,-0.52,-0.6966775481489691
10.06,-1.03,-0.5,-0.966578731114339
10.54,-0.96,-0.49,-1.1438006130939353
10.59,-0.94,-0.48,-1.2636643151030356
10.15,-0.9,-0.49,-1.4510296141942547
10.14,-0.88,-0.49,-0.6851554978467167
10.46,-0.87,-0.49,-1.190487090588931
10.37,-0.85,-0.49,-1.301814039742748
10.42,-0.83,-0.49,-1.1019367572610115
10.27,-0.81,-0.49,-1.1981184697623366
10.38,-0.79,-0.49,-1.157283654453753
10.34,-0.77,-0.49,-1.0871471308633165
10.36,-0.75,-0.49,-1.1839083976215647
10.25,-0.73,-0.49,-1.1007808976255724
10.36,-0.71,-0.49,-1.2201205717766452
10.3,-0.69,-0.49,-1.0670040706543933
10.27,-0.67,-0.49,-1.169629915933216
10.28,-0.65,-0.49,-1.1528949237883666
10.24,-0.63,-0.49,-1.1465780826158039
10.2,-0.61,-0.49,-1.2177285859328073
10.16,-0.59,-0.49,-1.11078182289293
10.21,-0.57,-0.49,-1.1765762654027103
10.16,-0.55,-0.49,-1.1822762475729398
10.15,-0.53,-0.49,-1.1768717660321055
10.1,-0.51,-0.49,-1.165501923002168
10.11,-0.49,-0.49,-1.1277284333449167
10.13,-0.47,-0.49,-1.1477288911085886
10.08,-0.45,-0.49,-1.1355172539091551
10.07,-0.43,-0.49,-1.1405807569282942
10.06,-0.41,-0.49,-1.1009590147793133
10.08,-0.39,-0.49,-1.1068720712078868
10.07,-0.37,-0.49,-1.1255170250273192
10.05,-0.35,-0.49,-1.1205812528389387
10.1,-0.33,-0.49,-1.122276781630557
10.06,-0.31,-0.49,-1.1569104261532637
10.05,-0.29,-0.49,-1.0957576928004134
10.09,-0.27,-0.49,-1.0771629399460831
10.06,-0.25,-0.49,-1.1009590147793133
10.08,-0.23,-0.49,-1.0977287003737253
10.14,-0.21,-0.49,-1.1314001796819237
10.09,-0.19,-0.49,-1.0606163536132875
10.08,-0.17,-0.49,-0.9307808213316271
10.13,-0.15,-0.49,-0.9901210295403171
10.18,-0.13,-0.49,-1.0186322886588925
10.18,-0.11,-0.49,-1.021637795823219
10.19,-0.09,-0.49,-0.9044422831784562
10.18,-0.07,-0.49,-0.9058424570136321
10.17,-0.05,-0.49,-0.9686029428564229
10.17,-0.03,-0.49,-1.0461484213134025
10.15,-0.01,-0.49,-0.8899282180289063
10.09,0.01,-0.49,-1.176186303992365
10.3,0.03,-0.49,-0.9595560645474706
10.27,0.05,-0.49,-0.7065193621846184
10.32,0.07,-0.49,-0.7936604309936914
10.31,0.09,-0.49,-0.7836611557861719
10.36,0.11,-0.49,-1.314676672293622
10.25,0.13,-0.49,-1.0195510664400942
10.34,0.15,-0.49,-0.6427708081648174
9.93,0.16,-0.49,-1.3502167140086492
10.79,0.18,-0.5,-1.7446769774694033
10.64,-0.95,-0.46,-1.4756474761910425
10.39,-0.91,-0.46,-0.7595724702376625
10.23,-0.89,-0.47,-1.0716370328837659
10.34,-0.87,-0.47,-1.1146908844213446
10.4,-0.85,-0.47,-1.1904846027093239
10.24,-0.83,-0.47,-1.0907806687437365
10.39,-0.81,-0.47,-0.9938009945636619
10.5,-0.79,-0.47,-1.1363880308656604
10.42,-0.77,-0.47,-1.2468138051019704
10.39,-0.75,-0.47,-1.1494510926598345
10.36,-0.73,-0.47,-1.1244712025457062
10.34,-0.71,-0.47,-1.1172836926007257
10.3,-0.69,-0.47,-1.0520269290530067
10.32,-0.67,-0.47,-1.0972832348370538
10.31,-0.65,-0.47,-1.1086032861791768
10.24,-0.63,-0.47,-1.1001206862175632
10.28,-0.61,-0.47,-1.1369849371866163
10.19,-0.59,-0.47,-1.133094734496506
10.23,-0.57,-0.47,-1.1472141582281257
10.24,-0.55,-0.47,-1.106460858179835
10.17,-0.53,-0.47,-1.0908188129890082
10.19,-0.51,-0.47,-1.1407815558641214
10.18,-0.49,-0.47,-1.119302473825984
10.17,-0.47,-0.47,-1.120782051774766
10.18,-0.45,-0.47,-1.1118144593594472
10.13,-0.43,-0.47,-1.1129667910719654
10.16,-0.41,-0.47,-1.1030950015253147
10.15,-0.39,-0.47,-1.0930947726434788
10.18,-0.37,-0.47,-1.1008190418708441
10.16,-0.35,-0.47,-1.1388105680648142
10.13,-0.33,-0.47,-1.1171629017991105
10.14,-0.31,-0.47,-1.0572149593145515
10.16,-0.29,-0.47,-1.0808185841071722
10.13,-0.27,-0.47,-1.1088108350936228
10.17,-0.25,-0.47,-1.0872146922857429
10.18,-0.23,-0.47,-1.1506165062011782
10.18,-0.21,-0.47,-1.0936404643163904
10.19,-0.19,-0.47,-0.9347270867848696
10.18,-0.17,-0.47,-1.024664283640547
10.25,-0.15,-0.47,-1.076813728808025
10.19,-0.13,-0.47,-0.9913424816327403
10.29,-0.11,-0.47,-0.8201779388549415
10.28,-0.09,-0.47,-0.9145117605769659
10.27,-0.07,-0.47,-0.9777443779546342
10.16,-0.05,-0.47,-0.7483801542915298
10.32,-0.03,-0.47,-1.0599282943228516
10.22,-0.01,-0.47,-1.0896664908638858
10.29,0.01,-0.47,-1.0112463663498765
10.28,0.03,-0.47,-0.8873027746810536
10.23,0.05,-0.47,-1.3607678169083854
10.26,0.07,-0.47,-1.1527902689412066
10.29,0.09,-0.47,-1.1024792517743691
10.06,0.11,-0.47,-1.4802168284495671
10.26,0.13,-0.48,-0.35745346200866024
10.35,0.14,-0.48,-0.4236579564361591
10.53,-0.93,-0.45,-1.480781708452012
10.54,-0.91,-0.45,-1.2015434549492099
10.42,-0.89,-0.45,-0.7936597069606268
10.23,-0.87,-0.45,-1.077711210978551
10.35,-0.85,-0.45,-1.0135406323520542
10.32,-0.83,-0.45,-0.9815431879204013
10.35,-0.81,-0.45,-1.1144719273381867
10.39,-0.79,-0.45,-0.9990652294848132
10.28,-0.77,-0.45,-1.062515795032672
10.39,-0.75,-0.45,-1.1158424951606047
10.4,-0.73,-0.45,-1.1077435387212358
10.36,-0.71,-0.45,-1.1558796675498293
10.35,-0.69,-0.45,-1.066699162473416
10.39,-0.67,-0.45,-1.0889703476587727
10.35,-0.65,-0.45,-1.0851825505818518
10.33,-0.63,-0.45,-1.0771469019814806
10.3,-0.61,-0.45,-1.1153087680383535
10.27,-0.59,-0.45,-1.0910235132133863
10.28,-0.57,-0.45,-1.0924790228925332
10.28,-0.55,-0.45,-1.1010227884209058
10.21,-0.53,-0.45,-1.1308187748420355
10.25,-0.51,-0.45,-1.079738279008076
10.26,-0.49,-0.45,-1.1077118976240588
10.22,-0.47,-0.45,-1.1094105695722103
10.23,-0.45,-0.45,-1.1160562058593175
10.22,-0.43,-0.45,-1.1408190037238715
10.22,-0.41,-0.45,-1.1027289903429143
10.25,-0.39,-0.45,-1.0624792899213418
10.21,-0.37,-0.45,-1.0927287614610783
10.24,-0.35,-0.45,-1.1227284944322697
10.24,-0.33,-0.45,-1.0786317546012754
10.22,-0.31,-0.45,-1.0738722387465618
10.25,-0.29,-0.45,-1.0681564175049054
10.27,-0.27,-0.45,-1.0269624090773775
10.2,-0.25,-0.45,-1.0013427105145762
10.23,-0.23,-0.45,-1.1227895822956988
10.19,-0.21,-0.45,-0.9204866328252592
10.29,-0.19,-0.45,-1.1438719335707805
10.3,-0.17,-0.45,-1.0077441109258256
10.3,-0.15,-0.45,-1.1507810883604357
10.16,-0.13,-0.45,-0.8999284469107423
10.31,-0.11,-0.45,-1.1058804304892824
10.24,-0.09,-0.45,-0.9635379702320268
10.36,-0.07,-0.45,-1.0951818257893713
10.32,-0.05,-0.45,-0.7636972055618063
10.36,-0.03,-0.45,-0.945026324636256
10.38,-0.01,-0.45,-0.8886384339671451
10.28,0.01,-0.45,-0.768116371992317
10.17,0.03,-0.45,-0.8668040209340315
10.23,0.05,-0.45,-1.4741246920135147
10.32,0.07,-0.45,-1.027743615015181
10.26,0.09,-0.46,-0.2233713289515631
10.83,-0.97,-0.42,-0.8929838353938653
10.06,-0.93,-0.43,-0.6708343267996053
10.36,-0.92,-0.44,-0.7165469707779799
10.26,-0.89,-0.43,-1.0839089698261546
10.44,-0.87,-0.43,-1.105545811975059
10.57,-0.85,-0.43,-0.9355224304292715
10.43,-0.83,-0.43,-1.0975618259962001
10.46,-0.81,-0.43,-1.1175773479116877
10.41,-0.79,-0.43,-0.9612935363506345
10.34,-0.77,-0.43,-1.0282463016339776
10.48,-0.75,-0.43,-1.008707825580423
10.42,-0.73,-0.43,-1.089586281655361
10.37,-0.71,-0.43,-1.1004869380010405
10.39,-0.69,-0.43,-0.9868798270581074
10.4,-0.67,-0.43,-1.019788359561355
10.41,-0.65,-0.43,-1.0836640099272543
10.37,-0.63,-0.43,-1.0540295541080997
10.36,-0.61,-0.43,-1.0766984376809354
10.35,-0.59,-0.43,-1.0555341490008932
10.31,-0.57,-0.43,-1.0795514860567934
10.34,-0.55,-0.43,-1.0751823217000158
10.34,-0.53,-0.43,-1.0871471308633165
10.39,-0.51,-0.43,-1.091147264831763
10.31,-0.49,-0.43,-1.1368141484247243
10.31,-0.47,-0.43,-1.1058804304892824
10.32,-0.45,-0.43,-1.0972832348370538
10.31,-0.43,-0.43,-1.0795514860567934
10.32,-0.41,-0.43,-1.1186025613866963
10.28,-0.39,-0.43,-1.0981561504760968
10.28,-0.37,-0.43,-1.1097380119792675
10.33,-0.35,-0.43,-1.1231740438154265
10.3,-0.33,-0.43,-1.189410493278265
10.31,-0.31,-0.43,-1.1397386986247753
10.34,-0.29,-0.43,-1.155308729891381
10.33,-0.27,-0.43,-1.1396682388962631
10.34,-0.25,-0.43,-1.0612465570847398
10.35,-0.23,-0.43,-1.10202711978787
10.28,-0.21,-0.43,-1.0731738530805632
10.37,-0.19,-0.43,-1.144690617392536
10.33,-0.17,-0.43,-1.1396682388962631
10.32,-0.15,-0.43,-1.0972832348370538
10.26,-0.13,-0.43,-1.0613431301312755
10.43,-0.11,-0.43,-0.9303132107612395
10.32,-0.09,-0.43,-1.036698475827908
10.34,-0.07,-0.43,-1.2793023212380934
10.27,-0.05,-0.43,-1.0498923784562333
10.3,-0.03,-0.43,-1.1538721624526165
10.27,-0.01,-0.43,-0.8091025992426601
10.41,0.01,-0.43,-1.529186260580996
10.24,0.03,-0.44,-1.1430897581101078
10.52,0.04,-0.44,-1.8967511809250883
10.72,-0.91,-0.41,-1.310067154978558
10.53,-0.87,-0.41,-1.0782133091550428
10.4,-0.85,-0.41,-0.9171260403711976
10.37,-0.83,-0.41,-1.0755336530902486
10.51,-0.81,-0.41,-1.1445122564876105
10.5,-0.79,-0.41,-1.0003129055854583
10.45,-0.77,-0.41,-1.0661844295929548
10.42,-0.75,-0.41,-1.052644169488545
10.5,-0.73,-0.41,-1.0638373499249916
10.47,-0.71,-0.41,-1.1275775767935237
10.41,-0.69,-0.41,-1.0816202206395413
10.45,-0.67,-0.41,-1.1195860146265524
10.43,-0.65,-0.41,-1.0682724781620028
10.41,-0.63,-0.41,-1.0919365283791755
10.46,-0.61,-0.41,-1.0603263183160365
10.41,-0.59,-0.41,-1.0755460790038676
10.41,-0.57,-0.41,-1.0857174137065044
10.42,-0.55,-0.41,-1.1458422281317961
10.41,-0.53,-0.41,-1.0775613682325282
10.42,-0.51,-0.41,-1.1277439964849076
10.39,-0.49,-0.41,-1.0595865486841696
10.37,-0.47,-0.41,-1.1075487856440098
10.37,-0.45,-0.41,-1.147283425571917
10.4,-0.43,-0.41,-1.1121978757904962
10.37,-0.41,-0.41,-1.109928485057715
10.37,-0.39,-0.41,-1.176875303134448
10.41,-0.37,-0.41,-1.2368135762201344
10.35,-0.35,-0.41,-1.1378127783362455
10.37,-0.33,-0.41,-1.1244872200982012
10.35,-0.31,-0.41,-1.1144719273381867
10.41,-0.29,-0.41,-1.1744713932805695
10.38,-0.27,-0.41,-1.1151822835530432
10.44,-0.25,-0.41,-1.225155736123794
10.31,-0.23,-0.41,-1.2344534373413705
10.47,-0.21,-0.41,-1.2147277734303774
10.32,-0.19,-0.41,-1.1646636732889846
10.43,-0.17,-0.41,-1.312729028489887
10.38,-0.15,-0.41,-0.9551184637963939
10.31,-0.13,-0.41,-1.157712088358922
10.35,-0.11,-0.41,-1.151343282719166
10.37,-0.09,-0.41,-0.9843936000297884
10.52,-0.07,-0.41,-1.0487087411077667
10.42,-0.05,-0.41,-1.2994261278307828
10.49,-0.03,-0.41,-1.3197380501262401
10.58,-0.01,-0.42,-1.0721440481514453
10.6,-0.96,-0.39,-2.122879109492752
10.69,-0.93,-0.39,-0.9841358746218312
10.5,-0.9,-0.4,-0.560480756902658
10.66,-0.89,-0.39,-1.1209237438311774
10.58,-0.87,-0.39,-1.2126440169006543
10.44,-0.85,-0.39,-1.0975768901480158
10.55,-0.83,-0.39,-1.1920653491840874
10.39,-0.81,-0.39,-1.1469622946364595
10.41,-0.79,-0.39,-1.087780572400833
10.39,-0.77,-0.39,-1.0226444365173535
10.43,-0.75,-0.39,-1.0150269731347912
10.38,-0.73,-0.39,-0.9518653095941119
10.5,-0.71,-0.39,-1.052841976053772
10.51,-0.69,-0.39,-1.0387085122259307
10.5,-0.67,-0.39,-1.0654310913976897
10.53,-0.65,-0.39,-1.1607838914908761
10.47,-0.63,-0.39,-1.1026443602234082
10.45,-0.61,-0.39,-1.109555683077744
10.45,-0.59,-0.39,-1.0863878401307971
10.49,-0.57,-0.39,-1.1677804961068876
10.42,-0.55,-0.39,-1.0957176425883404
10.43,-0.53,-0.39,-1.114029973724799
10.44,-0.51,-0.39,-1.1325035485909076
10.46,-0.49,-0.39,-1.2144873726860919
10.48,-0.47,-0.39,-1.15161991546376
10.45,-0.45,-0.39,-1.1319364902322029
10.47,-0.43,-0.39,-1.1315437601249911
10.43,-0.41,-0.39,-1.1512467096726304
10.46,-0.39,-0.39,-1.11955591195958
10.41,-0.37,-0.39,-1.1199652254297074
10.42,-0.35,-0.39,-1.2497383553020214
10.46,-0.33,-0.39,-1.2071470164223985
10.36,-0.31,-0.39,-1.1668750742526122
10.44,-0.29,-0.39,-1.1015430734794833
10.49,-0.27,-0.39,-1.1933345766730419
10.43,-0.25,-0.39,-1.1844876397149005
10.4,-0.23,-0.39,-1.1328278845302933
10.47,-0.21,-0.39,-1.2578126638953275
10.46,-0.19,-0.39,-1.1835382372608354
10.39,-0.17,-0.39,-1.2727290666368596
10.43,-0.15,-0.39,-1.1771472834512071
10.48,-0.13,-0.39,-1.450615743261725
10.5,-0.11,-0.39,-1.4625734887601638
10.59,-0.09,-0.39,-1.1920601439158531
10.46,-0.07,-0.4,-0.9887083214910675
10.32,-0.06,-0.4,-0.6977856659270092
10.43,-0.94,-0.36,-1.5005813672798567
10.06,-0.88,-0.37,-0.7215439127128818
10.78,-0.87,-0.37,-1.0113616401905379
10.47,-0.85,-0.37,-0.7581930299453745
10.5,-0.83,-0.37,-1.188246149046087
10.49,-0.81,-0.37,-0.889026874393382
10.51,-0.79,-0.37,-0.9290752597286662
10.47,-0.77,-0.37,-1.106388297894469
10.53,-0.75,-0.37,-1.0890906524066093
10.51,-0.73,-0.37,-1.1370882452165194
10.54,-0.71,-0.37,-1.0162535062018812
10.5,-0.69,-0.37,-1.1536470199523947
10.45,-0.67,-0.37,-1.095891371950371
10.51,-0.65,-0.37,-1.0950268968408459
10.53,-0.63,-0.37,-0.9959736172267402
10.47,-0.61,-0.37,-1.1256079858473083
10.54,-0.59,-0.37,-1.195607680671527
10.52,-0.57,-0.37,-1.1452521327244796
10.5,-0.55,-0.37,-1.1798537317242541
10.5,-0.53,-0.37,-1.0951662899025116
10.53,-0.51,-0.37,-1.191543226067374
10.47,-0.49,-0.37,-1.1582464160748955
10.52,-0.47,-0.37,-1.163974604219673
10.43,-0.45,-0.37,-1.2453088824792715
10.51,-0.43,-0.37,-1.133423250942526
10.5,-0.41,-0.37,-1.0968794837353535
10.52,-0.39,-0.37,-1.1290653439257312
10.5,-0.37,-0.37,-1.2851561557404931
10.5,-0.35,-0.37,-1.2144427027951554
10.49,-0.33,-0.37,-1.178245920164251
10.5,-0.31,-0.37,-1.1345120276057745
10.51,-0.29,-0.37,-1.2644875634209551
10.53,-0.27,-0.37,-1.1797517127880308
10.48,-0.25,-0.37,-1.1126436354309277
10.47,-0.23,-0.37,-1.333279698360812
10.39,-0.21,-0.37,-1.1299289428213868
10.49,-0.19,-0.37,-1.257003651037694
10.57,-0.17,-0.37,-1.3631738149335906
10.46,-0.15,-0.37,-1.3264611252086436
10.51,-0.14,-0.38,-1.1735404797641635
10.26,-0.94,-0.35,-0.838396284754694
10.59,-0.91,-0.34,-0.7097583679614381
10.76,-0.9,-0.35,-1.144050165191281
10.41,-0.85,-0.36,-1.079586052773525
10.68,-0.83,-0.35,-0.6542849353275209
10.4,-0.81,-0.35,-1.1011465400392826
10.44,-0.79,-0.35,-1.0455478962169593
10.57,-0.77,-0.35,-1.21397384128022
10.48,-0.75,-0.35,-1.0820595335642906
10.52,-0.73,-0.35,-0.9661174403751165
10.53,-0.71,-0.35,-1.1570877493058749
10.57,-0.69,-0.35,-1.1483957506970768
10.46,-0.67,-0.35,-1.000607533130431
10.52,-0.65,-0.35,-0.9734577966388116
10.48,-0.63,-0.35,-1.1052512171971358
10.56,-0.61,-0.35,-1.0521445440620898
10.59,-0.59,-0.35,-1.2097888936189722
10.58,-0.57,-0.35,-1.1583959795789127
10.56,-0.55,-0.35,-1.1743941340874056
10.58,-0.53,-0.35,-1.128213499889906
10.58,-0.51,-0.35,-1.1997886647371363
10.58,-0.49,-0.35,-1.1650265916650646
10.55,-0.47,-0.35,-1.2923216295952535
10.51,-0.45,-0.35,-1.2089702332178547
10.55,-0.43,-0.35,-1.1939743371908644
10.57,-0.41,-0.35,-1.2935378939380815
10.6,-0.39,-0.35,-1.236388412335387
10.55,-0.37,-0.35,-1.1845122183406378
10.55,-0.35,-0.35,-1.391637681382301
10.53,-0.33,-0.35,-1.2399651109887895
10.52,-0.31,-0.35,-1.1601649826582907
10.52,-0.29,-0.35,-1.162065616212896
10.53,-0.27,-0.35,-1.331342634220631
10.57,-0.25,-0.35,-1.3028279608242386
10.5,-0.23,-0.35,-1.366461087061671
10.48,-0.21,-0.36,-1.4799995422363281
11.13,-0.2,-0.36,-1.7100443470534188
10.38,-0.92,-0.32,-1.2496663382759952
10.66,-0.89,-0.32,-1.2400440800246102
10.61,-0.88,-0.33,-1.178635884848342
10.58,-0.85,-0.34,-1.3731740438154265
10.46,-0.83,-0.33,-1.167743958337935
10.54,-0.81,-0.33,-0.5691883332617724
10.47,-0.79,-0.33,-0.9161172496402532
10.69,-0.77,-0.33,-1.1206256663027503
10.68,-0.75,-0.33,-1.1384210588488823
10.46,-0.73,-0.33,-1.190487090588931
10.51,-0.71,-0.33,-1.0144558754564557
10.64,-0.69,-0.33,-1.1214864097202533
10.57,-0.67,-0.33,-1.1738003460651267
10.6,-0.65,-0.33,-1.1497512834313177
10.56,-0.63,-0.33,-0.9813612140198718
10.59,-0.61,-0.33,-1.1920601439158531
10.59,-0.59,-0.33,-1.1187084359319854
10.59,-0.57,-0.33,-1.1351553071118534
10.61,-0.55,-0.33,-1.2000665446269956
10.59,-0.53,-0.33,-1.178380459467311
10.57,-0.51,-0.33,-1.1808336020071248
10.61,-0.49,-0.33,-1.2857172229716411
10.52,-0.47,-0.33,-1.22996583578127
10.61,-0.45,-0.33,-1.21032593684631
10.62,-0.43,-0.33,-1.2582720585453036
10.62,-0.41,-0.33,-1.2185993480646449
10.55,-0.39,-0.33,-1.3246909225683172
10.58,-0.37,-0.33,-1.2855336912372213
10.54,-0.35,-0.33,-1.3610230173027418
10.56,-0.33,-0.33,-1.2503702603118896
10.46,-0.31,-0.33,-1.298632021630084
10.44,-0.29,-0.34,-1.336195865949792
10.46,-0.27,-0.34,-1.403095192260178
10.37,-0.91,-0.3,-1.0519365665261482
10.04,-0.9,-0.31,-0.7589666021949029
10.61,-0.85,-0.31,-1.313334462232124
10.38,-0.83,-0.32,-1.2660567780639074
10.31,-0.81,-0.32,-0.8770311226290026
10.6,-0.79,-0.31,-0.8111252589597484
10.61,-0.77,-0.31,-1.078520727453359
10.64,-0.75,-0.31,-0.9734823752645472
10.51,-0.73,-0.31,-1.0299932886675691
10.51,-0.71,-0.31,-1.0754313202795256
10.62,-0.69,-0.31,-1.1067822867616197
10.56,-0.67,-0.31,-1.0247062911213671
10.55,-0.65,-0.31,-1.2425041589424701
10.56,-0.63,-0.31,-1.1673034613265614
10.7,-0.61,-0.31,-1.2497507112267279
10.58,-0.59,-0.31,-1.1820599150340172
10.59,-0.57,-0.31,-1.2636643151030356
10.56,-0.55,-0.31,-1.1175206535426874
10.61,-0.53,-0.31,-1.233422678737936
10.58,-0.51,-0.31,-1.2598536554303088
10.56,-0.49,-0.31,-1.2398541513409533
10.6,-0.47,-0.31,-1.1421185020531777
10.61,-0.45,-0.31,-1.2482718296634676
10.55,-0.43,-0.31,-1.3221134714167349
10.57,-0.41,-0.31,-1.1861843151520368
10.59,-0.39,-0.32,-1.2134231746485806
10.71,-0.37,-0.32,-1.3068795218823261
10.26,-0.36,-0.32,-1.0194509782189165
10.28,-0.98,-0.29,-1.1401206480705905
10.44,-0.93,-0.29,-0.6887204866809107
10.47,-0.87,-0.29,-0.8971286637209079
10.49,-0.84,-0.28,-1.3532792024501674
10.18,-0.83,-0.3,-0.7116529663110622
10.85,-0.8,-0.29,-1.229864318550156
10.58,-0.79,-0.29,-1.227817405594692
10.42,-0.77,-0.29,-1.1389667166358208
10.56,-0.75,-0.29,-1.0562097287693835
10.61,-0.73,-0.29,-1.0477067808734972
10.56,-0.71,-0.29,-1.0036979303542868
10.45,-0.69,-0.29,-0.9801777862670509
10.67,-0.67,-0.29,-1.2483961321668033
10.63,-0.65,-0.29,-1.0688987182755696
10.59,-0.63,-0.29,-1.1506674587576278
10.63,-0.61,-0.29,-1.12485012964952
10.54,-0.59,-0.29,-1.1368794455883808
10.63,-0.57,-0.29,-1.1221442388863085
10.72,-0.55,-0.29,-1.2054525169017065
10.54,-0.53,-0.29,-1.1167540722869553
10.59,-0.51,-0.29,-1.2026103160645185
10.64,-0.49,-0.3,-1.118862268351334
10.69,-0.47,-0.3,-1.425181749495426
10.61,-0.45,-0.3,-1.186753767111174
10.11,-0.88,-0.28,-0.9086025232397237
10.44,-0.83,-0.27,-0.8861165629947454
10.74,-0.82,-0.27,-1.1694568278961412
10.76,-0.78,-0.27,-1.3870882452165194
10.65,-0.77,-0.27,-1.1185206893063864
10.55,-0.75,-0.26,-1.2277809157235868
10.53,-0.73,-0.27,-1.149788474002273
10.54,-0.71,-0.27,-1.064328772143396
10.59,-0.69,-0.27,-1.2719368335549568
10.57,-0.67,-0.27,-1.1566999451351663
10.49,-0.65,-0.27,-1.1116018511075563
10.67,-0.63,-0.27,-1.3799654543115434
10.53,-0.61,-0.27,-1.1955459645629496
10.84,-0.59,-0.27,-1.104401248321599
10.69,-0.57,-0.28,-1.045561005942238
10.8,-0.56,-0.28,-1.0580611145063
10.18,-0.82,-0.25,-1.3806597590093066
10.31,-0.81,-0.25,-0.9539745660727004
10.48,-0.78,-0.25,-0.9129731693427061
10.68,-0.77,-0.25,-1.2616990328259057
10.54,-0.74,-0.26,-1.3441002949344618
10.79,-0.73,-0.26,-1.1310351246382702
10.51,-0.71,-0.26,-0.9721811278060191
10.63,-0.69,-0.26,-0.8880610382123546
10.66,-0.86,-0.24,-1.1757000148550851
