wave,flux
3500.637,1.065472
3501.598,1.008183
3502.559,0.9976794
3503.52,1.070215
3504.481,1.07627
3505.442,1.066216
3506.403,1.021497
3507.365,1.013471
3508.326,1.002765
3509.287,1.037859
3510.248,1.017721
3511.209,0.9690855
3512.17,0.9469991
3513.131,0.8729245
3514.093,0.656742
3515.054,0.7136584
3516.015,0.8512072
3516.976,0.9791556
3517.937,1.027165
3518.898,1.020388
3519.859,1.01995
3520.82,0.9975802
3521.781,1.016361
3522.743,0.9728003
3523.704,0.9374906
3524.665,0.9714042
3525.626,0.9898998
3526.587,0.9965396
3527.548,0.9998338
3528.51,1.066496
3529.471,1.028498
3530.432,1.04196
3531.393,1.077354
3532.354,1.090554
3533.315,1.057415
3534.276,1.06627
3535.237,1.078891
3536.198,1.070194
3537.16,1.057463
3538.121,1.059147
3539.082,1.031423
3540.043,1.038389
3541.004,1.02064
3541.965,1.063349
3542.927,1.057779
3543.888,1.093852
3544.849,1.041479
3545.81,1.038229
3546.771,1.051878
3547.732,1.05865
3548.693,1.047383
3549.654,1.046681
3550.615,1.051737
3551.577,1.060913
3552.538,1.042343
3553.499,1.035519
3554.46,1.036308
3555.421,1.045521
3556.382,1.052983
3557.344,1.012697
3558.305,1.017415
3559.266,1.004264
3560.227,1.022953
3561.188,1.042793
3562.149,1.041165
3563.11,1.027573
3564.071,0.9927483
3565.032,0.9862569
3565.994,1.013454
3566.955,1.006545
3567.916,1.034726
3568.877,0.9789125
3569.838,0.9743159
3570.799,1.019469
3571.76,1.006465
3572.722,1.002029
3573.683,1.01262
3574.644,1.011786
3575.605,0.9829009
3576.566,1.010019
3577.527,1.027355
3578.488,1.001001
3579.449,1.016655
3580.411,0.9831155
3581.372,0.9750177
3582.333,0.9638287
3583.294,0.9776051
3584.255,0.9802235
3585.216,0.9454778
3586.177,0.9164143
3587.139,0.9588547
3588.1,0.9551684
3589.061,0.941789
3590.022,0.9733828
3590.983,1.005318
3591.944,1.025637
3592.905,1.022119
3593.866,1.018167
3594.828,1.06138
3595.789,1.058741
3596.75,1.051878
3597.711,1.069387
3598.672,1.082904
3599.633,1.044561
3600.594,1.033316
3601.556,1.016652
3602.517,1.041251
3603.478,1.030044
3604.439,1.018204
3605.4,1.044041
3606.361,1.019354
3607.322,1.036349
3608.283,1.009512
3609.245,1.01657
3610.206,1.035997
3611.167,1.023296
3612.128,0.9982172
3613.089,1.015211
3614.05,1.04076
3615.011,1.060632
3615.973,1.04428
3616.934,1.038332
3617.895,1.024781
3618.856,1.02053
3619.817,1.015727
3620.778,1.048034
3621.739,1.047811
3622.7,1.044059
3623.662,1.035965
3624.623,1.014991
3625.584,1.016914
3626.545,1.036495
3627.506,0.9893479
3628.467,0.96474
3629.428,0.9682248
3630.39,0.9551549
3631.351,0.9567738
3632.312,0.9787948
3633.273,0.9861186
3634.234,0.98772
3635.195,0.9795729
3636.156,0.9612687
3637.117,1.007583
3638.079,0.9764333
3639.04,0.9732443
3640.001,0.9518991
3640.962,0.9539649
3641.923,0.9543447
3642.884,0.9356996
3643.845,0.9286155
3644.807,0.9387388
3645.768,0.949411
3646.729,0.9335771
3647.69,0.918181
3648.651,0.9245008
3649.612,0.9722245
3650.573,0.9850168
3651.534,0.9711753
3652.496,0.9621542
3653.457,0.9702037
3654.418,0.9893624
3655.379,0.9904123
3656.34,0.9924415
3657.301,0.9675427
3658.262,0.9997363
3659.224,0.9716238
3660.185,0.9491575
3661.146,0.9415663
3662.107,0.9907645
3663.068,0.9999844
3664.029,0.9963065
3664.99,0.9846044
3665.951,0.9920279
3666.913,0.9956516
3667.874,0.9756942
3668.835,0.9638174
3669.796,0.9583547
3670.757,0.961342
3671.718,0.9597551
3672.679,0.9743628
3673.641,0.9509796
3674.602,0.9400548
3675.563,0.9722945
3676.524,1.010708
3677.485,0.9922384
3678.446,0.9594156
3679.407,0.9488015
3680.368,0.9535791
3681.33,0.9448069
3682.291,0.9189651
3683.252,0.8971034
3684.213,0.910925
3685.174,0.9373889
3686.135,0.9643202
3687.096,0.9678422
3688.058,0.9516997
3689.019,0.9802723
3689.98,0.9760695
3690.941,0.9651775
3691.902,0.9413296
3692.863,0.9453483
3693.824,0.9639605
3694.786,0.949166
3695.747,0.9843976
3696.708,0.9964402
3697.669,1.021791
3698.63,1.014645
3699.591,1.024356
3700.552,1.033668
3701.513,1.022829
3702.475,0.9703265
3703.436,0.9374716
3704.397,0.9252524
3705.358,0.9230602
3706.319,0.9314225
3707.28,0.9337476
3708.241,0.9353558
3709.203,0.9499738
3710.164,0.964928
3711.125,0.9573284
3712.086,0.9707045
3713.047,1.011713
3714.008,1.031607
3714.969,1.056976
3715.93,1.067413
3716.892,1.043049
3717.853,0.9791731
3718.814,0.9597834
3719.775,0.9259361
3720.736,0.8878021
3721.697,0.8675649
3722.658,0.9014017
3723.62,0.9330932
3724.581,0.9929944
3725.542,1.054254
3726.503,1.075862
3727.464,1.074512
3728.425,1.05203
3729.386,1.021393
3730.347,0.9927264
3731.309,0.9690191
3732.27,0.921055
3733.231,0.8796579
3734.192,0.8629283
3735.153,0.8542784
3736.114,0.8661392
3737.075,0.9212193
3738.037,0.9653966
3738.998,0.9971877
3739.959,1.037525
3740.92,1.037576
3741.881,1.01667
3742.842,1.002251
3743.803,1.010176
3744.764,0.9807808
3745.726,0.9466825
3746.687,0.9164327
3747.648,0.8900687
3748.609,0.8681504
3749.57,0.8591219
3750.531,0.8736784
3751.492,0.8939671
3752.454,0.9408381
3753.415,0.9840286
3754.376,1.001429
3755.337,0.9941287
3756.298,0.992077
3757.259,0.9924117
3758.22,0.9826418
3759.181,0.9860703
3760.143,0.9918434
3761.104,1.004576
3762.065,1.030721
3763.026,1.030249
3763.987,1.013616
3764.948,1.003905
3765.909,0.9864092
3766.871,0.9613566
3767.832,0.9219103
3768.793,0.9061056
3769.754,0.8877945
3770.715,0.885621
3771.676,0.8962469
3772.637,0.9267061
3773.598,0.9729961
3774.56,1.001105
3775.521,1.005038
3776.482,1.03934
3777.443,1.038522
3778.404,1.04358
3779.365,1.051749
3780.326,1.064511
3781.288,1.06168
3782.249,1.027497
3783.21,1.026903
3784.171,1.024121
3785.132,1.018854
3786.093,1.018267
3787.054,1.014228
3788.015,0.9891121
3788.977,0.9935886
3789.938,1.004032
3790.899,0.9879706
3791.86,0.9645923
3792.821,0.9615712
3793.782,0.9470786
3794.743,0.894672
3795.705,0.8539593
3796.666,0.8559142
3797.627,0.8446134
3798.588,0.8439056
3799.549,0.8718477
3800.51,0.9256592
3801.471,0.9653654
3802.432,0.9821181
3803.394,0.9956807
3804.355,0.9982738
3805.316,0.9985386
3806.277,0.9805254
3807.238,0.9677696
3808.199,0.9712178
3809.16,0.9795085
3810.122,0.9750156
3811.083,0.9868529
3812.044,0.9757332
3813.005,0.9608231
3813.966,0.9491419
3814.927,0.9575556
3815.888,0.9472353
3816.849,0.9480209
3817.811,0.9344603
3818.772,0.9441911
3819.733,0.9613209
3820.694,0.9525018
3821.655,0.9472576
3822.616,0.9376197
3823.577,0.9351201
3824.539,0.9316454
3825.5,0.9142155
3826.461,0.9040402
3827.422,0.9131393
3828.383,0.9098846
3829.344,0.8966461
3830.305,0.8760908
3831.266,0.8500921
3832.228,0.8364267
3833.189,0.8173319
3834.15,0.7988079
3835.111,0.7955818
3836.072,0.7848647
3837.033,0.8104675
3837.994,0.8425149
3838.956,0.8718295
3839.917,0.8884639
3840.878,0.8989835
3841.839,0.9099541
3842.8,0.9207859
3843.761,0.9293689
3844.722,0.9410444
3845.683,0.9273057
3846.645,0.9279193
3847.606,0.9288135
3848.567,0.9211681
3849.528,0.9030584
3850.489,0.906509
3851.45,0.8953385
3852.411,0.9011265
3853.373,0.9095945
3854.333,0.8978645
3855.295,0.8928956
3856.256,0.8989806
3857.217,0.8910247
3858.178,0.8785516
3859.139,0.8761315
3860.1,0.8870773
3861.062,0.8915958
3862.023,0.902339
3862.984,0.9148088
3863.945,0.9279683
3864.906,0.9205393
3865.867,0.907519
3866.828,0.8914736
3867.79,0.8534032
3868.75,0.8145553
3869.712,0.7756501
3870.673,0.7398551
3871.634,0.7080681
3872.595,0.6956958
3873.556,0.7080114
3874.517,0.7406653
3875.479,0.7603839
3876.44,0.7833217
3877.401,0.7759918
3878.362,0.7759364
3879.323,0.7642366
3880.284,0.7609705
3881.245,0.7762877
3882.207,0.7840661
3883.167,0.793813
3884.129,0.7997758
3885.09,0.7987103
3886.051,0.7976348
3887.012,0.7819389
3887.973,0.7703267
3888.934,0.758138
3889.896,0.7387739
3890.857,0.7520256
3891.818,0.7856648
3892.779,0.8002288
3893.74,0.8119572
3894.701,0.8200803
3895.662,0.821519
3896.624,0.8141596
3897.584,0.8144194
3898.546,0.8300796
3899.507,0.8448235
3900.468,0.8490061
3901.429,0.8559087
3902.39,0.8451919
3903.352,0.8409687
3904.312,0.8541439
3905.274,0.8738902
3906.235,0.8821435
3907.196,0.8730503
3908.157,0.8793012
3909.118,0.9010316
3910.079,0.9124783
3911.041,0.9073461
3912.001,0.8916385
3912.963,0.9019821
3913.924,0.9221828
3914.885,0.9275794
3915.846,0.9153526
3916.807,0.9059708
3917.769,0.9015892
3918.729,0.9070373
3919.691,0.901269
3920.652,0.8961582
3921.613,0.8906702
3922.574,0.9037309
3923.535,0.9338846
3924.496,0.9516027
3925.458,0.9587871
3926.418,0.9435496
3927.38,0.9051285
3928.341,0.8492078
3929.302,0.7747713
3930.263,0.7083811
3931.224,0.6524429
3932.186,0.6081856
3933.146,0.5791596
3934.108,0.5773047
3935.069,0.6236508
3936.03,0.7207039
3936.991,0.826854
3937.952,0.9185109
3938.913,0.9603438
3939.875,0.9578865
3940.836,0.947598
3941.797,0.9492283
3942.758,0.9457005
3943.719,0.9367589
3944.68,0.9289088
3945.641,0.9456492
3946.603,0.9720793
3947.563,0.9850045
3948.525,0.9817796
3949.486,0.97091
3950.447,0.9755616
3951.408,0.9690701
3952.369,0.9572927
3953.33,0.9530479
3954.292,0.9582513
3955.253,0.9795677
3956.214,0.9932277
3957.175,0.9964571
3958.136,0.9878325
3959.097,0.9662727
3960.058,0.9371679
3961.02,0.9394581
3961.98,0.915062
3962.942,0.8740649
3963.903,0.8407045
3964.864,0.7915692
3965.825,0.7321265
3966.786,0.6740617
3967.747,0.6238176
3968.708,0.5950859
3969.67,0.6042854
3970.631,0.6516042
3971.592,0.7397478
3972.553,0.8096842
3973.514,0.882099
3974.475,0.910693
3975.437,0.9525817
3976.397,0.9794406
3977.359,0.9975902
3978.32,1.003792
3979.281,0.996734
3980.242,0.9925778
3981.203,0.9896445
3982.164,0.9814513
3983.125,0.9719884
3984.087,0.964137
3985.048,0.9868023
3986.009,0.99843
3986.97,0.9918394
3987.931,0.9948334
3988.892,1.004399
3989.854,1.01826
3990.814,1.014418
3991.776,1.015112
3992.737,1.014925
3993.698,1.001688
3994.659,0.9874167
3995.62,0.9898999
3996.581,0.9944916
3997.542,0.9890102
3998.504,0.9974901
3999.465,0.9823743
4000.426,0.9828792
4001.387,0.9917148
4002.348,0.9793317
4003.309,0.9769863
4004.271,0.991159
4005.231,0.9967318
4006.193,0.9939952
4007.154,0.9953056
4008.115,1.006603
4009.076,1.011136
4010.037,1.025537
4010.998,1.025033
4011.959,1.021256
4012.921,1.013311
4013.882,1.002102
4014.843,1.00054
4015.804,0.9883119
4016.765,0.9752166
4017.726,0.97154
4018.688,0.9751592
4019.648,0.9871313
4020.61,1.002232
4021.571,1.009468
4022.532,1.012
4023.493,1.017533
4024.454,1.015883
4025.415,0.9990739
4026.376,0.9923181
4027.338,0.9911916
4028.299,0.9935197
4029.26,0.9966443
4030.221,0.9833313
4031.182,0.9785084
4032.143,0.9588094
4033.104,0.9459496
4034.065,0.9462698
4035.027,0.9494362
4035.988,0.9525331
4036.949,0.9651824
4037.91,0.9764935
4038.871,0.9947374
4039.832,0.9972093
4040.793,0.9960823
4041.755,0.9919276
4042.716,0.9937878
4043.677,0.9864044
4044.638,0.9711952
4045.599,0.9758103
4046.56,0.9694574
4047.521,0.9618498
4048.482,0.9645026
4049.444,0.9752826
4050.405,0.9815323
4051.366,0.9817026
4052.327,0.9869121
4053.288,0.9901408
4054.249,0.9902586
4055.21,0.9907447
4056.172,0.988973
4057.133,0.983798
4058.094,0.9920709
4059.055,0.9961663
4060.016,0.9985215
4060.977,0.9983176
4061.938,0.9873748
4062.899,0.9812859
4063.861,0.9772123
4064.822,0.9649824
4065.783,0.9610754
4066.744,0.9674428
4067.705,0.9640926
4068.666,0.9788944
4069.627,1.009037
4070.589,1.010786
4071.55,0.9986325
4072.511,0.9849772
4073.472,0.9742189
4074.433,0.9728529
4075.394,0.9837261
4076.355,0.9839817
4077.316,0.9987913
4078.278,1.006819
4079.239,1.008355
4080.2,1.000954
4081.161,0.9863577
4082.122,0.9766
4083.083,0.9735769
4084.044,0.96916
4085.006,0.9819894
4085.967,0.99511
4086.928,1.007366
4087.889,1.02277
4088.85,1.035208
4089.811,1.032876
4090.772,1.028376
4091.733,1.023442
4092.695,1.004993
4093.656,0.9976053
4094.617,0.9949174
4095.578,0.9846398
4096.539,0.963666
4097.5,0.9450668
4098.461,0.9116796
4099.423,0.8937593
4100.384,0.8852164
4101.345,0.8610386
4102.306,0.8474688
4103.267,0.8675019
4104.229,0.8997794
4105.189,0.9496924
4106.15,0.973895
4107.112,0.9816661
4108.073,0.9810109
4109.034,1.005013
4109.995,1.014422
4110.956,1.016907
4111.917,1.012593
4112.878,1.028491
4113.84,1.036862
4114.801,1.035597
4115.762,1.020517
4116.723,1.018131
4117.684,1.015318
4118.646,1.016788
4119.606,1.004282
4120.567,1.003661
4121.529,1.016827
4122.49,1.020229
4123.451,1.010369
4124.412,1.011199
4125.373,1.011598
4126.334,1.005265
4127.295,1.005923
4128.257,1.004045
4129.218,0.997848
4130.179,0.9867285
4131.14,0.983909
4132.101,0.9883063
4133.062,0.9883102
4134.023,0.9842907
4134.984,0.9908522
4135.946,1.008157
4136.907,1.002568
4137.868,0.9979303
4138.829,0.9986945
4139.79,1.001235
4140.751,0.9941757
4141.712,1.003005
4142.674,1.000754
4143.635,0.9930769
4144.596,0.9842306
4145.557,0.9941146
4146.518,0.9903075
4147.479,0.9852917
4148.44,0.9947175
4149.401,0.9905782
4150.363,0.97528
4151.324,0.9767989
4152.285,0.9962047
4153.246,1.001668
4154.207,0.9917623
4155.168,0.9949461
4156.129,1.000068
4157.091,0.9887446
4158.052,0.990669
4159.013,0.9978929
4159.974,1.003555
4160.935,1.002572
4161.896,0.997583
4162.857,0.9958634
4163.818,0.9989358
4164.78,1.000256
4165.741,0.9927535
4166.702,0.9941653
4167.663,0.9942036
4168.624,0.9901166
4169.585,0.9862986
4170.546,0.9856864
4171.508,0.9877664
4172.469,0.9865339
4173.43,0.9810908
4174.391,0.9757762
4175.352,0.9772475
4176.313,0.9801523
4177.274,0.9791211
4178.235,0.9824536
4179.197,0.9830065
4180.158,0.9695093
4181.119,0.9647316
4182.08,0.9630166
4183.041,0.9463067
4184.002,0.937446
4184.963,0.9388261
4185.925,0.9337479
4186.886,0.9357641
4187.847,0.9481634
4188.808,0.9512294
4189.769,0.9383555
4190.73,0.931949
4191.691,0.9454201
4192.652,0.9528637
4193.614,0.9456623
4194.575,0.9467975
4195.536,0.9471925
4196.497,0.943377
4197.458,0.9372998
4198.419,0.9374455
4199.38,0.9299162
4200.342,0.918975
4201.303,0.9264286
4202.264,0.9271747
4203.225,0.9299939
4204.186,0.9403642
4205.147,0.9449341
4206.108,0.9489684
4207.069,0.9293853
4208.031,0.9350988
4208.992,0.9275122
4209.953,0.9296071
4210.914,0.9336636
4211.875,0.9266046
4212.836,0.9186698
4213.797,0.9118739
4214.759,0.9203683
4215.72,0.9221931
4216.681,0.9275871
4217.642,0.9207812
4218.603,0.9279117
4219.564,0.9399628
4220.525,0.9474451
4221.486,0.9564633
4222.448,0.9398251
4223.409,0.9212165
4224.37,0.9105158
4225.331,0.9017791
4226.292,0.9075115
4227.253,0.9170402
4228.214,0.9112478
4229.176,0.900875
4230.137,0.9085876
4231.098,0.913498
4232.059,0.910189
4233.02,0.9127277
4233.981,0.8990704
4234.942,0.8904018
4235.903,0.8895687
4236.865,0.8770599
4237.826,0.8742119
4238.787,0.8760635
4239.748,0.8785239
4240.709,0.8822858
4241.67,0.8820121
4242.631,0.8799354
4243.593,0.8655434
4244.554,0.8623183
4245.515,0.8624601
4246.476,0.8682917
4247.437,0.8658416
4248.398,0.8537472
4249.359,0.8421397
4250.32,0.8467177
4251.282,0.8577957
4252.243,0.8689208
4253.204,0.8733253
4254.165,0.8675289
4255.126,0.8565254
4256.087,0.8603969
4257.048,0.8571496
4258.01,0.8676401
4258.971,0.8750107
4259.932,0.8582857
4260.893,0.8472794
4261.854,0.8469111
4262.815,0.845816
4263.776,0.8451567
4264.737,0.851483
4265.699,0.8449528
4266.66,0.8249001
4267.621,0.8170468
4268.582,0.7963957
4269.543,0.7912186
4270.504,0.7780336
4271.465,0.771986
4272.427,0.7639986
4273.388,0.7665752
4274.349,0.7787514
4275.31,0.7694543
4276.271,0.7682835
4277.232,0.7730961
4278.193,0.7837299
4279.154,0.7871259
4280.116,0.7779475
4281.077,0.7548859
4282.038,0.7482266
4282.999,0.7649589
4283.96,0.7770886
4284.921,0.7697393
4285.882,0.7474458
4286.844,0.7372493
4287.805,0.7497591
4288.766,0.7749745
4289.727,0.7926639
4290.688,0.7880386
4291.649,0.7812898
4292.61,0.7674485
4293.571,0.7504718
4294.533,0.7225516
4295.494,0.6821613
4296.455,0.6405737
4297.416,0.5915869
4298.377,0.5514621
4299.338,0.5204519
4300.299,0.5007959
4301.261,0.4953125
4302.222,0.492332
4303.183,0.4928072
4304.144,0.4826764
4305.105,0.4704844
4306.066,0.4527315
4307.027,0.4390028
4307.988,0.4195026
4308.95,0.4089946
4309.911,0.4231771
4310.872,0.4666738
4311.833,0.5401196
4312.794,0.6190709
4313.755,0.7172961
4314.716,0.8177004
4315.678,0.8995552
4316.639,0.9619662
4317.6,0.9872696
4318.561,0.970479
4319.522,0.9231938
4320.483,0.8674046
4321.444,0.8246949
4322.405,0.7868897
4323.367,0.7561821
4324.328,0.7456915
4325.289,0.76294
4326.25,0.8081092
4327.211,0.8574716
4328.172,0.8876163
4329.133,0.9021929
4330.095,0.9108219
4331.056,0.9164491
4332.017,0.9160905
4332.978,0.9083776
4333.939,0.8954362
4334.9,0.8729911
4335.861,0.8359177
4336.822,0.7993125
4337.784,0.7668524
4338.745,0.7577528
4339.706,0.7467071
4340.667,0.7496178
4341.628,0.7759899
4342.589,0.8047366
4343.55,0.8384421
4344.512,0.8737189
4345.473,0.89469
4346.434,0.9067569
4347.395,0.891039
4348.356,0.8817631
4349.317,0.8597654
4350.278,0.8526568
4351.239,0.8368769
4352.201,0.8169482
4353.162,0.7921149
4354.123,0.7988635
4355.084,0.8014233
4356.045,0.79891
4357.006,0.8056482
4357.967,0.8171006
4358.929,0.8237185
4359.89,0.8207574
4360.851,0.8221645
4361.812,0.8322897
4362.773,0.8365299
4363.734,0.8290969
4364.695,0.8227854
4365.656,0.832496
4366.618,0.8429605
4367.579,0.8344668
4368.54,0.8266868
4369.501,0.8277444
4370.462,0.8229042
4371.423,0.8082947
4372.384,0.8057469
4373.346,0.8095831
4374.307,0.817822
4375.268,0.8161678
4376.229,0.8273128
4377.19,0.8349951
4378.151,0.8378789
4379.112,0.8362862
4380.073,0.8343505
4381.035,0.838475
4381.996,0.8422869
4382.957,0.8339182
4383.918,0.8363894
4384.879,0.8352666
4385.84,0.8389808
4386.801,0.8399869
4387.763,0.8445871
4388.724,0.8456129
4389.685,0.8516926
4390.646,0.8467551
4391.607,0.842065
4392.568,0.8478098
4393.529,0.8562011
4394.49,0.8623221
4395.452,0.8653895
4396.413,0.868023
4397.374,0.8766365
4398.335,0.8932872
4399.296,0.9036835
4400.257,0.8994046
4401.218,0.896854
4402.18,0.9090757
4403.141,0.9116949
4404.102,0.9257055
4405.063,0.9285762
4406.024,0.9293694
4406.985,0.9352136
4407.946,0.953658
4408.907,0.9549881
4409.869,0.9624259
4410.83,0.9630904
4411.791,0.9644576
4412.752,0.9648386
4413.713,0.9572491
4414.674,0.9512506
4415.635,0.949213
4416.597,0.9577744
4417.558,0.9637002
4418.519,0.9617519
4419.48,0.9700558
4420.441,0.9838496
4421.402,0.9898465
4422.363,0.9866028
4423.324,0.9822372
4424.286,0.9818687
4425.247,0.9877574
4426.208,0.9921181
4427.169,0.9890451
4428.13,0.9926348
4429.091,1.001877
4430.052,0.9946476
4431.014,0.9900436
4431.975,0.9887122
4432.936,0.9831261
4433.897,0.9889575
4434.858,1.006165
4435.819,1.002406
4436.78,0.9992576
4437.741,1.001622
4438.703,0.9978959
4439.664,1.001446
4440.625,1.000243
4441.586,0.9908503
4442.547,0.9860873
4443.508,0.9841875
4444.469,0.9891027
4445.431,1.001749
4446.392,1.006366
4447.353,1.000731
4448.314,0.994109
4449.275,0.9972458
4450.236,0.996145
4451.197,0.9918619
4452.158,0.9943976
4453.12,1.003704
4454.081,1.010114
4455.042,1.005712
4456.003,1.004119
4456.964,1.007972
4457.925,1.000734
4458.886,0.9997328
4459.848,1.004116
4460.809,0.9988834
4461.77,0.9999019
4462.731,0.9939001
4463.692,1.00116
4464.653,1.000831
4465.614,0.9933099
4466.575,0.9974788
4467.537,0.9965975
4468.498,0.9912381
4469.459,0.9966964
4470.42,0.9951963
4471.381,0.9927484
4472.342,0.9951009
4473.303,1.006744
4474.265,1.004854
4475.226,1.009537
4476.187,1.014048
4477.148,1.014433
4478.109,1.00657
4479.07,1.002072
4480.031,1.009241
4480.992,1.010176
4481.954,1.000302
4482.915,1.001921
4483.876,1.011876
4484.837,1.008794
4485.798,1.007629
4486.759,1.009279
4487.72,1.007063
4488.682,0.9962391
4489.643,1.001148
4490.604,1.003549
4491.565,1.013774
4492.526,1.005824
4493.487,1.002242
4494.448,0.9955954
4495.409,0.9946507
4496.371,1.000399
4497.332,1.001924
4498.293,1.00669
4499.254,0.9954716
4500.215,0.9924181
4501.176,0.992437
4502.137,0.9959779
4503.099,0.9960728
4504.06,1.000113
4505.021,1.007238
4505.982,1.011579
4506.943,1.008856
4507.904,1.004238
4508.865,1.006463
4509.826,1.006372
4510.788,1.001511
4511.749,1.003818
4512.71,1.005038
4513.671,0.9929084
4514.632,0.9968618
4515.593,0.9999017
4516.555,1.008595
4517.516,0.9995492
4518.477,0.9942719
4519.438,1.001458
4520.399,1.001486
4521.36,0.9929436
4522.321,0.9968711
4523.282,0.9964277
4524.243,0.991191
4525.205,0.9949524
4526.166,0.9907593
4527.127,0.9967507
4528.088,0.9950984
4529.049,0.9900675
4530.01,0.9895909
4530.972,0.9834515
4531.933,0.9827952
4532.894,0.9841515
4533.854,0.9796544
4534.816,0.9886947
4535.777,0.9998924
4536.738,0.9981955
4537.699,0.9998242
4538.66,1.011798
4539.622,1.008797
4540.583,0.9968671
4541.544,0.9978772
4542.505,1.009903
4543.466,1.004808
4544.427,1.000726
4545.389,0.9939179
4546.35,0.9938105
4547.311,0.9856498
4548.271,0.9791945
4549.233,0.9723359
4550.194,0.9735166
4551.155,0.9736039
4552.116,0.979048
4553.077,0.9769639
4554.039,0.9787564
4555.,0.985362
4555.961,0.9884156
4556.922,0.9953659
4557.883,1.004382
4558.844,1.00148
4559.806,0.9863552
4560.767,0.9865882
4561.728,0.9948113
4562.688,0.9934592
4563.65,0.996026
4564.611,0.9903843
4565.572,0.9961987
4566.533,1.004533
4567.494,0.9993433
4568.456,1.000286
4569.417,0.9905221
4570.378,1.000027
4571.339,0.989695
4572.3,0.9876271
4573.261,0.9930995
4574.223,0.9980745
4575.184,0.9949674
4576.145,1.002736
4577.105,1.003728
4578.067,0.9993157
4579.028,0.9973424
4579.989,0.9948436
4580.95,1.000458
4581.912,1.004718
4582.873,1.00063
4583.834,0.996245
4584.795,0.9957685
4585.756,0.997795
4586.717,1.00006
4587.678,1.001513
4588.64,0.993327
4589.601,1.001326
4590.562,1.002222
4591.523,0.9967144
4592.484,0.9966195
4593.445,1.001281
4594.406,1.004857
4595.367,1.002304
4596.329,0.9975585
4597.29,0.997277
4598.251,0.9983706
4599.212,0.9957813
4600.173,0.9925672
4601.134,0.9911423
4602.095,0.9919397
4603.057,0.9946057
4604.018,0.9967027
4604.979,0.9995954
4605.94,1.000961
4606.901,1.002009
4607.862,1.000214
4608.823,0.9993479
4609.784,1.005502
4610.746,1.000165
4611.707,0.9922076
4612.668,0.9949485
4613.629,0.9930157
4614.59,1.00661
4615.551,1.003635
4616.512,0.9934077
4617.474,1.000078
4618.435,0.9943016
4619.396,0.9963013
4620.357,1.002502
4621.318,1.005799
4622.279,1.003937
4623.24,0.9989943
4624.201,0.9957215
4625.163,0.9976278
4626.124,1.00129
4627.085,0.9915627
4628.046,0.9903992
4629.007,0.99082
4629.968,0.9982631
4630.929,0.9967834
4631.891,0.995603
4632.852,0.9954999
4633.812,0.9982542
4634.774,1.002326
4635.735,1.001623
4636.696,0.9994049
4637.657,1.002949
4638.618,1.001547
4639.58,1.003718
4640.541,0.9969203
4641.502,1.003378
4642.463,1.009565
4643.424,1.005392
4644.385,1.00625
4645.346,1.006886
4646.308,1.000237
4647.269,0.9990123
4648.229,1.001613
4649.191,0.9988945
4650.152,0.9980659
4651.113,0.9948539
4652.074,0.998405
4653.035,0.9988253
4653.997,1.000018
4654.958,0.9944178
4655.919,0.9937803
4656.88,1.004095
4657.841,1.00863
4658.802,1.008939
4659.763,1.003034
4660.725,1.003882
4661.686,1.000224
4662.646,0.9986747
4663.608,0.9978671
4664.569,0.9970595
4665.53,1.004667
4666.491,1.00356
4667.452,0.9945076
4668.414,1.005492
4669.375,1.007397
4670.336,0.9963779
4671.297,0.993763
4672.258,1.003617
4673.219,1.00097
4674.18,0.9970056
4675.142,1.002827
4676.103,0.9998941
4677.063,0.9940367
4678.025,1.000343
4678.986,0.9993235
4679.947,0.9977099
4680.908,1.003619
4681.869,1.009181
4682.831,1.000789
4683.792,0.9943302
4684.753,0.998679
4685.714,1.004099
4686.675,1.005914
4687.636,1.003154
4688.597,0.9996886
4689.559,1.002866
4690.52,1.002581
4691.48,1.002691
4692.442,1.005307
4693.403,1.000822
4694.364,0.9951409
4695.325,0.9979652
4696.286,1.000567
4697.248,0.9994919
4698.208,1.004379
4699.17,1.00507
4700.131,0.9999726
4701.092,1.001437
4702.053,1.001223
4703.014,0.9934031
4703.976,0.9928401
4704.937,0.99597
4705.897,0.9966984
4706.859,1.003336
4707.82,1.004879
4708.781,0.9981669
4709.742,1.004578
4710.703,0.9998085
4711.665,0.9968578
4712.625,0.9996139
4713.587,0.9969251
4714.548,0.9958356
4715.509,0.9921463
4716.47,0.9949052
4717.431,0.9998138
4718.393,1.003705
4719.354,1.009457
4720.314,1.01044
4721.276,1.008488
4722.237,1.010239
4723.198,1.009006
4724.159,1.007267
4725.12,1.00741
4726.082,1.005289
4727.042,1.004715
4728.004,1.004911
4728.965,1.003375
4729.926,1.006479
4730.887,1.005753
4731.848,0.9904838
4732.81,0.9918681
4733.771,0.9930634
4734.731,1.000598
4735.693,0.9948099
4736.654,0.9915809
4737.615,0.9917476
4738.576,1.000758
4739.537,1.006706
4740.499,1.002553
4741.459,1.002195
4742.421,0.9981456
4743.382,0.9990093
4744.343,1.006073
4745.304,1.003081
4746.265,1.003382
4747.227,1.00756
4748.187,1.002079
4749.148,0.9981554
4750.11,1.005256
4751.071,1.007167
4752.032,1.004162
4752.993,1.010702
4753.954,1.011652
4754.916,1.012604
4755.876,1.003965
4756.838,0.9952146
4757.799,0.9893072
4758.76,0.9919438
4759.721,0.9928318
4760.682,0.9951357
4761.644,1.001345
4762.604,1.002756
4763.565,1.001966
4764.527,1.002394
4765.488,0.995954
4766.449,0.9940096
4767.41,0.9997987
4768.371,1.006104
4769.333,0.9964955
4770.293,1.003245
4771.255,0.9960704
4772.216,1.001218
4773.177,1.008505
4774.138,1.01063
4775.099,1.006853
4776.061,1.004056
4777.021,1.003398
4777.982,1.001152
4778.944,1.001645
4779.905,0.9964986
4780.866,0.9950719
4781.827,1.006359
4782.788,1.007983
4783.75,0.9980269
4784.71,1.001294
4785.672,1.006156
4786.633,1.004531
4787.594,1.000633
4788.555,1.007243
4789.516,0.9953635
4790.478,0.9880828
4791.438,0.9930996
4792.399,0.9973714
4793.361,0.9999424
4794.322,0.9981115
4795.283,1.00265
4796.244,1.007497
4797.205,1.006976
4798.167,1.003913
4799.127,0.9965218
4800.089,0.9932121
4801.05,0.993801
4802.011,0.9903459
4802.972,0.9959722
4803.933,0.995105
4804.895,1.001045
4805.855,0.9986486
4806.816,0.9980792
4807.778,0.9986283
4808.739,0.999087
4809.7,0.9936154
4810.661,0.9923623
4811.622,0.9953138
4812.583,0.9967533
4813.544,0.9937891
4814.506,1.001071
4815.467,1.005282
4816.428,1.001352
4817.389,1.001912
4818.35,0.9993042
4819.312,0.9924013
4820.272,0.9956858
4821.233,0.9935939
4822.195,0.9944056
4823.156,0.9970666
4824.117,0.9933429
4825.078,1.002253
4826.039,0.9956107
4827.,0.9955832
4827.961,0.9938936
4828.923,0.9953554
4829.884,1.002486
4830.845,0.9941169
4831.806,0.9871202
4832.767,0.9860685
4833.729,0.9904857
4834.689,0.9954537
4835.65,0.9967095
4836.612,0.9957259
4837.573,0.9937421
4838.534,0.9931746
4839.495,0.9900846
4840.456,0.9824053
4841.417,0.9909127
4842.378,0.9886727
4843.34,0.9897133
4844.301,0.9948789
4845.262,0.9898008
4846.223,0.9905173
4847.184,0.9850729
4848.146,0.9924313
4849.106,0.9895561
4850.067,0.9894667
4851.029,0.9901106
4851.99,0.9831075
4852.951,0.9804351
4853.912,0.9820719
4854.873,0.9721968
4855.834,0.9524103
4856.795,0.9262219
4857.757,0.883312
4858.718,0.8533647
4859.679,0.8298863
4860.64,0.8194936
4861.601,0.8327296
4862.562,0.8644823
4863.523,0.9141687
4864.484,0.9492133
4865.446,0.9705989
4866.407,0.9789098
4867.368,0.9831148
4868.329,0.9847188
4869.29,0.9830045
4870.251,0.9864729
4871.212,0.9885201
4872.174,0.9837074
4873.135,0.9888027
4874.096,0.9954227
4875.057,1.000366
4876.018,0.996948
4876.979,1.001263
4877.94,0.9964008
4878.901,0.9912033
4879.863,0.9982199
4880.824,0.9983904
4881.785,0.9971719
4882.746,0.9964231
4883.707,0.9903272
4884.668,0.991158
4885.629,0.9953863
4886.591,0.9967151
4887.552,0.9943051
4888.513,0.9901185
4889.474,0.9877359
4890.435,0.9876059
4891.396,0.9926542
4892.357,1.001168
4893.318,1.004695
4894.28,1.00296
4895.241,1.005993
4896.202,1.011711
4897.163,1.004749
4898.124,1.002607
4899.085,1.004341
4900.046,1.00285
4901.008,1.00254
4901.969,1.00712
4902.93,1.004191
4903.891,0.9984021
4904.852,0.9995555
4905.813,0.9994047
4906.774,1.000083
4907.735,0.9966126
4908.697,0.9924539
4909.658,0.9972679
4910.619,1.003464
4911.58,1.002686
4912.541,1.005339
4913.502,1.003845
4914.463,1.005133
4915.425,1.000575
4916.386,1.003864
4917.347,0.9966946
4918.308,0.9897661
4919.269,0.9925765
4920.23,0.9923171
4921.191,0.9886366
4922.152,0.9904628
4923.114,0.9955727
4924.075,0.9973081
4925.036,1.001967
4925.997,1.004514
4926.958,0.9998775
4927.919,1.009351
4928.88,1.000729
4929.842,0.9907364
4930.803,0.9920829
4931.764,0.9877924
4932.725,0.9820604
4933.686,0.9823915
4934.647,0.9765722
4935.608,0.9796236
4936.569,0.9876385
4937.531,0.9897882
4938.492,0.9916591
4939.453,0.9945663
4940.414,0.9992229
4941.375,1.00202
4942.336,1.007898
4943.297,1.011263
4944.259,1.006481
4945.22,1.01025
4946.181,1.009085
4947.142,0.9984838
4948.103,1.00411
4949.064,1.00958
4950.025,1.010825
4950.986,1.011786
4951.948,1.010272
4952.909,1.003436
4953.87,0.9955647
4954.831,0.9959161
4955.792,0.9990732
4956.753,0.9914302
4957.714,0.9897001
4958.676,1.000614
4959.637,0.9949036
4960.598,1.005167
4961.559,1.003614
4962.52,1.009093
4963.481,1.00592
4964.442,1.005221
4965.403,1.009927
4966.365,1.014004
4967.326,1.00764
4968.287,1.00424
4969.248,1.007505
4970.209,1.007576
4971.17,1.007648
4972.131,1.008841
4973.093,1.005821
4974.054,1.008129
4975.015,1.006147
4975.976,1.008823
4976.937,1.010654
4977.898,1.003453
4978.859,1.0017
4979.82,0.9985358
4980.782,0.9962113
4981.743,0.9979672
4982.704,1.005894
4983.665,1.005098
4984.626,1.000999
4985.587,1.002004
4986.548,1.001793
4987.51,1.00305
4988.471,1.003572
4989.432,0.9925287
4990.393,0.9965401
4991.354,0.9963228
4992.315,1.003628
4993.276,0.9995486
4994.237,1.005648
4995.199,1.009802
4996.16,1.006312
4997.121,1.00498
4998.082,1.003798
4999.043,0.9987438
